N,l,n,㗝X,cƒS,ڋqID,iID,,vl
INT,INT,STRING,STRING,STRING,STRING,STRING,INT,INT
2011,1,1 kC,01 DyxX,Y@qM ,10008,02,1591,1300
2011,1,1 kC,01 DyxX,{@_ ,10000,06,499,1700
2011,1,1 kC,01 DyxX,@L ,10002,02,1723,1900
2011,1,1 kC,01 DyxX,{@ ,10008,06,1367,1700
2011,1,1 kC,01 DyxX,Έ@ ,10010,02,1819,1300
2011,1,2 k,02 xX,{@[ ,20000,03,1920,100
2011,1,2 k,02 xX,쒆@G ,20006,07,962,1900
2011,1,2 k,02 xX,c@Nv ,20004,01,3439,1900
2011,1,2 k,02 xX,ҁ@Mj ,20003,08,1066,600
2011,1,3 ֓,03 txX,{@G ,30005,10,1592,1200
2011,1,3 ֓,03 txX,ic@ ,30009,02,365,500
2011,1,3 ֓,03 txX,@r ,30006,01,2275,1300
2011,1,3 ֓,04 蒬xX,с@mq ,40006,09,387,1300
2011,1,3 ֓,04 蒬xX,~c@[ ,40004,08,596,200
2011,1,3 ֓,04 蒬xX,@|j ,40004,09,1877,1600
2011,1,3 ֓,04 蒬xX,߁@qs ,40005,04,892,1000
2011,1,3 ֓,04 蒬xX,{{@r ,40003,03,556,200
2011,1,3 ֓,04 蒬xX,@ ,40000,03,1357,1200
2011,1,3 ֓,04 蒬xX,{@Nv ,40007,05,1600,300
2011,1,3 ֓,04 蒬xX,yV@Nu ,40009,06,1144,400
2011,1,3 ֓,05 aJxX,@S ,50008,01,2994,500
2011,1,3 ֓,05 aJxX,얔@Kv ,50009,04,963,600
2011,1,3 ֓,05 aJxX,؁@Gl ,50001,09,1690,100
2011,1,3 ֓,05 aJxX,c@͕v ,50003,01,3306,1100
2011,1,3 ֓,05 aJxX,Ԑ@ ,50001,10,983,1000
2011,1,3 ֓,06 VhxX,@ ,60009,02,643,1500
2011,1,3 ֓,06 VhxX,n@al ,60003,08,395,500
2011,1,3 ֓,06 VhxX,ޔ@ ,60003,02,1954,500
2011,1,3 ֓,06 VhxX,[c@ ,60001,05,794,900
2011,1,3 ֓,06 VhxX,c@ ,60001,05,1832,1200
2011,1,3 ֓,06 VhxX,˖{@F ,60008,09,1247,500
2011,1,3 ֓,06 VhxX,V@q ,60004,07,773,700
2011,1,3 ֓,07 lxX,쐣@ ,70007,03,358,1400
2011,1,3 ֓,07 lxX,c@ ,70001,05,575,1000
2011,1,3 ֓,07 lxX,΍@ ,70002,02,1011,1300
2011,1,3 ֓,07 lxX,@S ,70004,09,1665,100
2011,1,3 ֓,08 ܎xX,@G ,80005,02,396,1200
2011,1,3 ֓,08 ܎xX,r@av ,80009,03,1206,1800
2011,1,3 ֓,08 ܎xX,k@Y ,80000,03,1140,700
2011,1,4 ,09 ÉxX,ҁ@ ,90000,06,294,1600
2011,1,4 ,09 ÉxX,L@ ,90007,03,793,1700
2011,1,4 ,09 ÉxX,쑺@Bv ,90000,07,163,1800
2011,1,4 ,10 ÉxX,@ ,100001,10,379,700
2011,1,4 ,10 ÉxX,@ꐬ ,100007,04,1478,1100
2011,1,4 ,10 ÉxX,c@m ,100003,03,1867,1300
2011,1,4 ,10 ÉxX,V@G ,100008,03,1158,300
2011,1,4 ,10 ÉxX,@C ,100008,01,3945,600
2011,1,4 ,10 ÉxX,O@p ,100008,06,1776,1800
2011,1,4 ,10 ÉxX,@hO ,100001,05,1235,300
2011,1,5 ߋE,11 sxX,@\ ,110005,02,1148,800
2011,1,5 ߋE,11 sxX,ف@M ,110007,06,1443,700
2011,1,5 ߋE,11 sxX,@v ,110000,03,1647,1200
2011,1,5 ߋE,11 sxX,@Wm ,110002,03,756,800
2011,1,5 ߋE,11 sxX,X@L ,110001,04,1715,400
2011,1,5 ߋE,12 xX,K@hV ,120008,05,474,400
2011,1,5 ߋE,12 xX,@ ,120002,02,1373,200
2011,1,5 ߋE,12 xX,R@C ,120001,01,3417,700
2011,1,5 ߋE,12 xX,@j ,120004,07,1952,400
2011,1,5 ߋE,12 xX,@^i ,120001,02,1040,800
2011,1,5 ߋE,12 xX,V؁@qN ,120005,02,838,600
2011,1,5 ߋE,12 xX,ێR@O ,120002,03,1442,1000
2011,1,5 ߋE,12 xX,ؓ@mV ,120002,03,412,1100
2011,1,5 ߋE,13 _ˎxX,Fs{@ ,130005,03,1188,1900
2011,1,5 ߋE,13 _ˎxX,XR@׎j ,130009,05,987,1100
2011,1,6 El,14 RxX,n@ ,140005,02,1563,100
2011,1,6 El,14 RxX,R@q ,140004,07,328,1300
2011,1,6 El,14 RxX,t@q ,140008,06,1070,1600
2011,1,6 El,15 LxX,֎R@Gl ,150000,01,3821,1500
2011,1,6 El,15 LxX,@ ,150008,04,802,1000
2011,1,6 El,15 LxX,Ɍ@ ,150003,05,283,1500
2011,1,6 El,15 LxX,xi@j ,150008,03,1879,1200
2011,1,6 El,15 LxX,΁@MY ,150005,01,3797,1200
2011,1,7 BE,16 xX,R@gm ,160008,03,1646,700
2011,1,7 BE,16 xX,с@N ,160000,07,921,800
2011,1,7 BE,16 xX,@j ,160005,08,1078,1600
2011,1,7 BE,16 xX,@F ,160009,01,2862,200
2011,1,7 BE,16 xX,q@ ,160005,01,3543,900
2011,1,7 BE,16 xX,@ ,160004,05,1040,1700
2011,1,7 BE,17 xX,@rF ,170001,02,719,1500
2011,1,7 BE,17 xX,R@ ,170008,04,404,800
2011,1,7 BE,17 xX,R@Y ,170007,06,310,900
2011,1,7 BE,18 ߔexX,댴@V ,180004,04,1344,900
2011,1,7 BE,18 ߔexX,@ ,180010,03,680,1600
2011,1,7 BE,18 ߔexX,@ ,180009,07,1321,600
2011,1,7 BE,18 ߔexX,{@ ,180006,08,558,1200
2011,2,1 kC,01 DyxX,Y@qM ,10004,04,1980,1400
2011,2,1 kC,01 DyxX,{@_ ,10002,06,1701,1400
2011,2,1 kC,01 DyxX,@L ,10002,05,1097,1800
2011,2,1 kC,01 DyxX,{@ ,10002,01,2094,1500
2011,2,1 kC,01 DyxX,Έ@ ,10009,07,677,1700
2011,2,2 k,02 xX,{@[ ,20006,08,894,1100
2011,2,2 k,02 xX,쒆@G ,20001,01,3726,1200
2011,2,2 k,02 xX,c@Nv ,20001,06,1143,1500
2011,2,2 k,02 xX,ҁ@Mj ,20010,07,618,1400
2011,2,3 ֓,03 txX,{@G ,30006,04,1022,400
2011,2,3 ֓,03 txX,ic@ ,30004,03,1281,1600
2011,2,3 ֓,03 txX,@r ,30010,03,1824,100
2011,2,3 ֓,04 蒬xX,с@mq ,40000,06,654,1600
2011,2,3 ֓,04 蒬xX,~c@[ ,40000,06,1194,100
2011,2,3 ֓,04 蒬xX,@|j ,40010,06,347,700
2011,2,3 ֓,04 蒬xX,߁@qs ,40007,01,3629,500
2011,2,3 ֓,04 蒬xX,{{@r ,40000,06,1952,1000
2011,2,3 ֓,04 蒬xX,@ ,40000,04,1312,900
2011,2,3 ֓,04 蒬xX,{@Nv ,40006,03,334,1200
2011,2,3 ֓,04 蒬xX,yV@Nu ,40002,01,689,1800
2011,2,3 ֓,05 aJxX,@S ,50010,07,191,400
2011,2,3 ֓,05 aJxX,얔@Kv ,50009,06,763,1900
2011,2,3 ֓,05 aJxX,؁@Gl ,50004,05,1496,700
2011,2,3 ֓,05 aJxX,c@͕v ,50005,06,387,400
2011,2,3 ֓,05 aJxX,Ԑ@ ,50008,02,1360,1000
2011,2,3 ֓,06 VhxX,@ ,60007,04,880,1800
2011,2,3 ֓,06 VhxX,n@al ,60001,06,1704,500
2011,2,3 ֓,06 VhxX,ޔ@ ,60008,01,2554,100
2011,2,3 ֓,06 VhxX,[c@ ,60007,02,1534,1100
2011,2,3 ֓,06 VhxX,c@ ,60000,02,1094,400
2011,2,3 ֓,06 VhxX,˖{@F ,60005,01,747,700
2011,2,3 ֓,06 VhxX,V@q ,60003,05,1565,400
2011,2,3 ֓,07 lxX,쐣@ ,70002,05,578,1400
2011,2,3 ֓,07 lxX,c@ ,70008,07,1531,700
2011,2,3 ֓,07 lxX,΍@ ,70004,03,930,1800
2011,2,3 ֓,07 lxX,@S ,70003,06,818,100
2011,2,3 ֓,08 ܎xX,@G ,80010,07,283,700
2011,2,3 ֓,08 ܎xX,r@av ,80003,03,1786,200
2011,2,3 ֓,08 ܎xX,k@Y ,80002,06,560,1400
2011,2,4 ,09 ÉxX,ҁ@ ,90002,02,1437,300
2011,2,4 ,09 ÉxX,L@ ,90010,02,1794,1000
2011,2,4 ,09 ÉxX,쑺@Bv ,90001,05,1234,1900
2011,2,4 ,10 ÉxX,@ ,100008,07,1996,500
2011,2,4 ,10 ÉxX,@ꐬ ,100004,08,1306,500
2011,2,4 ,10 ÉxX,c@m ,100004,05,167,1000
2011,2,4 ,10 ÉxX,V@G ,100006,06,374,1800
2011,2,4 ,10 ÉxX,@C ,100007,01,32905,1400
2011,2,4 ,10 ÉxX,O@p ,100006,01,2525,700
2011,2,4 ,10 ÉxX,@hO ,100005,04,1733,1800
2011,2,5 ߋE,11 sxX,@\ ,110004,08,1181,800
2011,2,5 ߋE,11 sxX,ف@M ,110006,01,3443,600
2011,2,5 ߋE,11 sxX,@v ,110002,01,3677,700
2011,2,5 ߋE,11 sxX,@Wm ,110004,01,2377,1700
2011,2,5 ߋE,11 sxX,X@L ,110009,05,1374,700
2011,2,5 ߋE,12 xX,K@hV ,120005,02,173,600
2011,2,5 ߋE,12 xX,@ ,120009,04,1315,1700
2011,2,5 ߋE,12 xX,R@C ,120009,08,1054,300
2011,2,5 ߋE,12 xX,@j ,120008,04,1392,700
2011,2,5 ߋE,12 xX,@^i ,120004,01,3344,1900
2011,2,5 ߋE,12 xX,V؁@qN ,120002,01,866,1000
2011,2,5 ߋE,12 xX,ێR@O ,120004,08,756,1100
2011,2,5 ߋE,12 xX,ؓ@mV ,120010,08,765,200
2011,2,5 ߋE,13 _ˎxX,Fs{@ ,130002,06,941,500
2011,2,5 ߋE,13 _ˎxX,XR@׎j ,130007,02,1504,1300
2011,2,6 El,14 RxX,n@ ,140008,01,746,1200
2011,2,6 El,14 RxX,R@q ,140004,04,1391,1800
2011,2,6 El,14 RxX,t@q ,140004,06,503,1300
2011,2,6 El,15 LxX,֎R@Gl ,150010,06,1586,700
2011,2,6 El,15 LxX,@ ,150007,02,1537,1500
2011,2,6 El,15 LxX,Ɍ@ ,150005,08,1767,700
2011,2,6 El,15 LxX,xi@j ,150007,06,1857,800
2011,2,6 El,15 LxX,΁@MY ,150009,01,219,1700
2011,2,7 BE,16 xX,R@gm ,160007,04,1351,500
2011,2,7 BE,16 xX,с@N ,160002,06,1466,400
2011,2,7 BE,16 xX,@j ,160009,06,1431,600
2011,2,7 BE,16 xX,@F ,160003,08,894,300
2011,2,7 BE,16 xX,q@ ,160006,04,1312,1200
2011,2,7 BE,16 xX,@ ,160002,01,3619,300
2011,2,7 BE,17 xX,@rF ,170009,05,146,800
2011,2,7 BE,17 xX,R@ ,170005,02,1110,100
2011,2,7 BE,17 xX,R@Y ,170004,06,526,400
2011,2,7 BE,18 ߔexX,댴@V ,180000,04,1418,700
2011,2,7 BE,18 ߔexX,@ ,180005,05,311,500
2011,2,7 BE,18 ߔexX,@ ,180004,02,1498,1900
2011,2,7 BE,18 ߔexX,{@ ,180006,08,1109,1200
2011,3,1 kC,01 DyxX,Y@qM ,10006,01,836,400
2011,3,1 kC,01 DyxX,{@_ ,10001,02,501,1300
2011,3,1 kC,01 DyxX,@L ,10000,08,352,100
2011,3,1 kC,01 DyxX,{@ ,10004,05,1759,300
2011,3,1 kC,01 DyxX,Έ@ ,10000,04,381,1200
2011,3,2 k,02 xX,{@[ ,20003,08,1149,1100
2011,3,2 k,02 xX,쒆@G ,20008,08,1436,800
2011,3,2 k,02 xX,c@Nv ,20008,06,1810,1800
2011,3,2 k,02 xX,ҁ@Mj ,20005,07,1974,600
2011,3,3 ֓,03 txX,{@G ,30007,06,1500,500
2011,3,3 ֓,03 txX,ic@ ,30007,03,1268,300
2011,3,3 ֓,03 txX,@r ,30005,05,376,1800
2011,3,3 ֓,04 蒬xX,с@mq ,40010,02,1427,1000
2011,3,3 ֓,04 蒬xX,~c@[ ,40005,06,888,1300
2011,3,3 ֓,04 蒬xX,@|j ,40005,01,2194,1700
2011,3,3 ֓,04 蒬xX,߁@qs ,40000,05,102,1300
2011,3,3 ֓,04 蒬xX,{{@r ,40004,08,1470,700
2011,3,3 ֓,04 蒬xX,@ ,40004,03,1595,900
2011,3,3 ֓,04 蒬xX,{@Nv ,40007,05,247,1800
2011,3,3 ֓,04 蒬xX,yV@Nu ,40000,06,473,1600
2011,3,3 ֓,05 aJxX,@S ,50004,04,482,900
2011,3,3 ֓,05 aJxX,얔@Kv ,50004,08,955,400
2011,3,3 ֓,05 aJxX,؁@Gl ,50001,08,1649,900
2011,3,3 ֓,05 aJxX,c@͕v ,50001,01,3472,1700
2011,3,3 ֓,05 aJxX,Ԑ@ ,50010,02,543,200
2011,3,3 ֓,06 VhxX,@ ,60007,03,140,400
2011,3,3 ֓,06 VhxX,n@al ,60007,06,408,1700
2011,3,3 ֓,06 VhxX,ޔ@ ,60006,01,3259,1200
2011,3,3 ֓,06 VhxX,[c@ ,60000,08,899,1400
2011,3,3 ֓,06 VhxX,c@ ,60001,05,1026,1500
2011,3,3 ֓,06 VhxX,˖{@F ,60000,02,1413,1700
2011,3,3 ֓,06 VhxX,V@q ,60006,06,878,600
2011,3,3 ֓,07 lxX,쐣@ ,70000,05,323,1000
2011,3,3 ֓,07 lxX,c@ ,70000,06,154,400
2011,3,3 ֓,07 lxX,΍@ ,70008,02,164,1800
2011,3,3 ֓,07 lxX,@S ,70009,08,1369,800
2011,3,3 ֓,08 ܎xX,@G ,80001,02,1438,1900
2011,3,3 ֓,08 ܎xX,r@av ,80009,07,331,1700
2011,3,3 ֓,08 ܎xX,k@Y ,80001,03,834,1600
2011,3,4 ,09 ÉxX,ҁ@ ,90006,07,494,300
2011,3,4 ,09 ÉxX,L@ ,90006,06,1123,1400
2011,3,4 ,09 ÉxX,쑺@Bv ,90004,01,209,1400
2011,3,4 ,10 ÉxX,@ ,100002,05,547,600
2011,3,4 ,10 ÉxX,@ꐬ ,100000,02,1454,100
2011,3,4 ,10 ÉxX,c@m ,100000,03,143,500
2011,3,4 ,10 ÉxX,V@G ,100005,03,647,1100
2011,3,4 ,10 ÉxX,@C ,100006,06,1842,300
2011,3,4 ,10 ÉxX,O@p ,100010,05,1988,1200
2011,3,4 ,10 ÉxX,@hO ,100005,02,1628,100
2011,3,5 ߋE,11 sxX,@\ ,110001,03,592,1800
2011,3,5 ߋE,11 sxX,ف@M ,110009,01,2981,1300
2011,3,5 ߋE,11 sxX,@v ,110001,05,430,300
2011,3,5 ߋE,11 sxX,@Wm ,110007,04,1293,1000
2011,3,5 ߋE,11 sxX,X@L ,110006,03,1796,1300
2011,3,5 ߋE,12 xX,K@hV ,120008,08,379,200
2011,3,5 ߋE,12 xX,@ ,120004,06,432,100
2011,3,5 ߋE,12 xX,R@C ,120001,03,1149,400
2011,3,5 ߋE,12 xX,@j ,120005,03,770,1400
2011,3,5 ߋE,12 xX,@^i ,120004,05,1868,300
2011,3,5 ߋE,12 xX,V؁@qN ,120006,04,250,200
2011,3,5 ߋE,12 xX,ێR@O ,120003,01,2391,1200
2011,3,5 ߋE,12 xX,ؓ@mV ,120009,01,2455,200
2011,3,5 ߋE,13 _ˎxX,Fs{@ ,130006,08,1726,700
2011,3,5 ߋE,13 _ˎxX,XR@׎j ,130001,04,841,1600
2011,3,6 El,14 RxX,n@ ,140007,04,186,1800
2011,3,6 El,14 RxX,R@q ,140007,07,1635,600
2011,3,6 El,14 RxX,t@q ,140003,04,1996,1700
2011,3,6 El,15 LxX,֎R@Gl ,150005,04,179,1700
2011,3,6 El,15 LxX,@ ,150010,02,1987,1500
2011,3,6 El,15 LxX,Ɍ@ ,150003,06,1162,1400
2011,3,6 El,15 LxX,xi@j ,150006,06,648,1400
2011,3,6 El,15 LxX,΁@MY ,150008,06,1692,1600
2011,3,7 BE,16 xX,R@gm ,160005,02,131,200
2011,3,7 BE,16 xX,с@N ,160009,01,2040,1100
2011,3,7 BE,16 xX,@j ,160001,03,1227,200
2011,3,7 BE,16 xX,@F ,160007,08,649,300
2011,3,7 BE,16 xX,q@ ,160003,06,1250,700
2011,3,7 BE,16 xX,@ ,160007,02,1112,1200
2011,3,7 BE,17 xX,@rF ,170003,02,1087,300
2011,3,7 BE,17 xX,R@ ,170010,03,1059,1200
2011,3,7 BE,17 xX,R@Y ,170002,04,1828,400
2011,3,7 BE,18 ߔexX,댴@V ,180003,08,487,1200
2011,3,7 BE,18 ߔexX,@ ,180000,03,1784,1900
2011,3,7 BE,18 ߔexX,@ ,180001,04,975,300
2011,3,7 BE,18 ߔexX,{@ ,180005,06,425,1500
2011,4,1 kC,01 DyxX,Y@qM ,10009,05,497,500
2011,4,1 kC,01 DyxX,{@_ ,10003,02,1469,400
2011,4,1 kC,01 DyxX,@L ,10005,05,721,1200
2011,4,1 kC,01 DyxX,{@ ,10010,08,1752,1900
2011,4,1 kC,01 DyxX,Έ@ ,10002,04,205,500
2011,4,2 k,02 xX,{@[ ,20000,08,165,200
2011,4,2 k,02 xX,쒆@G ,20009,07,319,1800
2011,4,2 k,02 xX,c@Nv ,20005,04,668,400
2011,4,2 k,02 xX,ҁ@Mj ,20009,07,1562,300
2011,4,3 ֓,03 txX,{@G ,30008,04,1948,300
2011,4,3 ֓,03 txX,ic@ ,30007,06,742,800
2011,4,3 ֓,03 txX,@r ,30006,01,2092,1600
2011,4,3 ֓,04 蒬xX,с@mq ,40009,07,1293,500
2011,4,3 ֓,04 蒬xX,~c@[ ,40004,06,1787,1300
2011,4,3 ֓,04 蒬xX,@|j ,40000,02,144,600
2011,4,3 ֓,04 蒬xX,߁@qs ,40008,08,343,1200
2011,4,3 ֓,04 蒬xX,{{@r ,40008,06,1794,100
2011,4,3 ֓,04 蒬xX,@ ,40001,01,887,1600
2011,4,3 ֓,04 蒬xX,{@Nv ,40003,07,1606,1700
2011,4,3 ֓,04 蒬xX,yV@Nu ,40006,04,1311,1900
2011,4,3 ֓,05 aJxX,@S ,50008,01,774,1500
2011,4,3 ֓,05 aJxX,얔@Kv ,50005,06,1589,1400
2011,4,3 ֓,05 aJxX,؁@Gl ,50006,05,357,800
2011,4,3 ֓,05 aJxX,c@͕v ,50002,02,690,800
2011,4,3 ֓,05 aJxX,Ԑ@ ,50005,04,366,1500
2011,4,3 ֓,06 VhxX,@ ,60009,07,995,100
2011,4,3 ֓,06 VhxX,n@al ,60003,04,425,300
2011,4,3 ֓,06 VhxX,ޔ@ ,60010,01,3477,1400
2011,4,3 ֓,06 VhxX,[c@ ,60007,06,1979,900
2011,4,3 ֓,06 VhxX,c@ ,60003,01,2930,1000
2011,4,3 ֓,06 VhxX,˖{@F ,60006,04,149,100
2011,4,3 ֓,06 VhxX,V@q ,60007,04,165,1200
2011,4,3 ֓,07 lxX,쐣@ ,70007,06,111,200
2011,4,3 ֓,07 lxX,c@ ,70009,07,1276,800
2011,4,3 ֓,07 lxX,΍@ ,70008,03,253,500
2011,4,3 ֓,07 lxX,@S ,70001,01,3448,300
2011,4,3 ֓,08 ܎xX,@G ,80007,05,792,200
2011,4,3 ֓,08 ܎xX,r@av ,80006,07,1146,200
2011,4,3 ֓,08 ܎xX,k@Y ,80000,02,428,1700
2011,4,4 ,09 ÉxX,ҁ@ ,90004,01,484,400
2011,4,4 ,09 ÉxX,L@ ,90003,05,738,1200
2011,4,4 ,09 ÉxX,쑺@Bv ,90005,07,1198,1400
2011,4,4 ,10 ÉxX,@ ,100003,01,774,600
2011,4,4 ,10 ÉxX,@ꐬ ,100005,08,163,1200
2011,4,4 ,10 ÉxX,c@m ,100007,05,254,1800
2011,4,4 ,10 ÉxX,V@G ,100002,06,624,1400
2011,4,4 ,10 ÉxX,@C ,100002,05,1877,1200
2011,4,4 ,10 ÉxX,O@p ,100003,02,133,800
2011,4,4 ,10 ÉxX,@hO ,100005,01,3254,1300
2011,4,5 ߋE,11 sxX,@\ ,110005,08,687,700
2011,4,5 ߋE,11 sxX,ف@M ,110001,04,1413,900
2011,4,5 ߋE,11 sxX,@v ,110010,03,1580,1600
2011,4,5 ߋE,11 sxX,@Wm ,110003,05,1771,1500
2011,4,5 ߋE,11 sxX,X@L ,110001,08,1399,300
2011,4,5 ߋE,12 xX,K@hV ,120000,04,1519,1400
2011,4,5 ߋE,12 xX,@ ,120009,06,902,200
2011,4,5 ߋE,12 xX,R@C ,120008,03,1506,1200
2011,4,5 ߋE,12 xX,@j ,120000,04,1379,300
2011,4,5 ߋE,12 xX,@^i ,120003,07,1280,1600
2011,4,5 ߋE,12 xX,V؁@qN ,120007,05,1106,500
2011,4,5 ߋE,12 xX,ێR@O ,120009,02,401,800
2011,4,5 ߋE,12 xX,ؓ@mV ,120008,02,134,1100
2011,4,5 ߋE,13 _ˎxX,Fs{@ ,130005,02,286,1200
2011,4,5 ߋE,13 _ˎxX,XR@׎j ,130000,04,1309,1300
2011,4,6 El,14 RxX,n@ ,140007,07,1971,200
2011,4,6 El,14 RxX,R@q ,140010,07,539,1400
2011,4,6 El,14 RxX,t@q ,140006,03,864,900
2011,4,6 El,15 LxX,֎R@Gl ,150007,05,950,400
2011,4,6 El,15 LxX,@ ,150006,02,450,800
2011,4,6 El,15 LxX,Ɍ@ ,150003,03,602,300
2011,4,6 El,15 LxX,xi@j ,150010,02,1148,900
2011,4,6 El,15 LxX,΁@MY ,150010,05,1066,1700
2011,4,7 BE,16 xX,R@gm ,160002,02,1416,1000
2011,4,7 BE,16 xX,с@N ,160008,03,707,1200
2011,4,7 BE,16 xX,@j ,160006,01,3788,700
2011,4,7 BE,16 xX,@F ,160004,04,1862,1500
2011,4,7 BE,16 xX,q@ ,160010,02,219,1900
2011,4,7 BE,16 xX,@ ,160007,04,226,1600
2011,4,7 BE,17 xX,@rF ,170009,03,809,700
2011,4,7 BE,17 xX,R@ ,170008,04,1356,700
2011,4,7 BE,17 xX,R@Y ,170008,01,3852,500
2011,4,7 BE,18 ߔexX,댴@V ,180002,07,674,1100
2011,4,7 BE,18 ߔexX,@ ,180009,07,839,1200
2011,4,7 BE,18 ߔexX,@ ,180007,07,490,1300
2011,4,7 BE,18 ߔexX,{@ ,180001,07,667,1000
2012,1,1 kC,01 DyxX,Y@qM ,10001,06,1687,1200
2012,1,1 kC,01 DyxX,{@_ ,10008,08,1436,1700
2012,1,1 kC,01 DyxX,@L ,10008,06,1925,1600
2012,1,1 kC,01 DyxX,{@ ,10006,05,615,700
2012,1,1 kC,01 DyxX,Έ@ ,10001,08,132,200
2012,1,2 k,02 xX,{@[ ,20002,08,537,1100
2012,1,2 k,02 xX,쒆@G ,20006,01,3390,400
2012,1,2 k,02 xX,c@Nv ,20008,03,186,300
2012,1,2 k,02 xX,ҁ@Mj ,20004,01,200,900
2012,1,3 ֓,03 txX,{@G ,30002,08,669,1200
2012,1,3 ֓,03 txX,ic@ ,30001,06,1956,100
2012,1,3 ֓,03 txX,@r ,30003,07,325,1600
2012,1,3 ֓,04 蒬xX,с@mq ,40003,08,1976,900
2012,1,3 ֓,04 蒬xX,~c@[ ,40005,01,3646,1200
2012,1,3 ֓,04 蒬xX,@|j ,40004,01,2092,600
2012,1,3 ֓,04 蒬xX,߁@qs ,40003,08,191,700
2012,1,3 ֓,04 蒬xX,{{@r ,40001,08,1197,700
2012,1,3 ֓,04 蒬xX,@ ,40009,08,1005,300
2012,1,3 ֓,04 蒬xX,{@Nv ,40003,07,1952,1100
2012,1,3 ֓,04 蒬xX,yV@Nu ,40006,08,1630,500
2012,1,3 ֓,05 aJxX,@S ,50007,08,1627,1600
2012,1,3 ֓,05 aJxX,얔@Kv ,50010,07,1979,900
2012,1,3 ֓,05 aJxX,؁@Gl ,50003,05,1904,500
2012,1,3 ֓,05 aJxX,c@͕v ,50001,01,313,400
2012,1,3 ֓,05 aJxX,Ԑ@ ,50008,03,1060,1300
2012,1,3 ֓,06 VhxX,@ ,60006,04,1849,400
2012,1,3 ֓,06 VhxX,n@al ,60005,08,1865,1700
2012,1,3 ֓,06 VhxX,ޔ@ ,60005,02,985,1400
2012,1,3 ֓,06 VhxX,[c@ ,60008,06,175,1200
2012,1,3 ֓,06 VhxX,c@ ,60006,08,1377,1600
2012,1,3 ֓,06 VhxX,˖{@F ,60008,03,1222,1600
2012,1,3 ֓,06 VhxX,V@q ,60009,07,687,500
2012,1,3 ֓,07 lxX,쐣@ ,70006,03,1355,1800
2012,1,3 ֓,07 lxX,c@ ,70002,03,577,1500
2012,1,3 ֓,07 lxX,΍@ ,70009,02,631,100
2012,1,3 ֓,07 lxX,@S ,70001,07,241,1100
2012,1,3 ֓,08 ܎xX,@G ,80005,04,360,500
2012,1,3 ֓,08 ܎xX,r@av ,80009,05,608,1900
2012,1,3 ֓,08 ܎xX,k@Y ,80000,04,698,1500
2012,1,4 ,09 ÉxX,ҁ@ ,90000,03,943,500
2012,1,4 ,09 ÉxX,L@ ,90004,08,842,200
2012,1,4 ,09 ÉxX,쑺@Bv ,90008,03,787,500
2012,1,4 ,10 ÉxX,@ ,100006,04,879,500
2012,1,4 ,10 ÉxX,@ꐬ ,100000,06,1100,1700
2012,1,4 ,10 ÉxX,c@m ,100003,02,238,100
2012,1,4 ,10 ÉxX,V@G ,100006,05,418,700
2012,1,4 ,10 ÉxX,@C ,100009,07,1071,1800
2012,1,4 ,10 ÉxX,O@p ,100003,06,1780,1600
2012,1,4 ,10 ÉxX,@hO ,100002,02,675,1000
2012,1,5 ߋE,11 sxX,@\ ,110005,07,979,1900
2012,1,5 ߋE,11 sxX,ف@M ,110007,07,1482,100
2012,1,5 ߋE,11 sxX,@v ,110003,04,584,1500
2012,1,5 ߋE,11 sxX,@Wm ,110005,04,877,1100
2012,1,5 ߋE,11 sxX,X@L ,110008,02,1529,1000
2012,1,5 ߋE,12 xX,K@hV ,120000,01,3594,1400
2012,1,5 ߋE,12 xX,@ ,120003,05,1481,600
2012,1,5 ߋE,12 xX,R@C ,120003,03,209,1700
2012,1,5 ߋE,12 xX,@j ,120004,04,412,500
2012,1,5 ߋE,12 xX,@^i ,120004,02,1063,1200
2012,1,5 ߋE,12 xX,V؁@qN ,120004,01,2566,900
2012,1,5 ߋE,12 xX,ێR@O ,120004,06,1069,1500
2012,1,5 ߋE,12 xX,ؓ@mV ,120001,06,387,1900
2012,1,5 ߋE,13 _ˎxX,Fs{@ ,130009,07,1973,900
2012,1,5 ߋE,13 _ˎxX,XR@׎j ,130006,04,241,700
2012,1,6 El,14 RxX,n@ ,140010,08,1898,1000
2012,1,6 El,14 RxX,R@q ,140004,08,1715,1800
2012,1,6 El,14 RxX,t@q ,140009,08,1642,200
2012,1,6 El,15 LxX,֎R@Gl ,150005,03,877,1600
2012,1,6 El,15 LxX,@ ,150007,08,1257,1300
2012,1,6 El,15 LxX,Ɍ@ ,150006,04,1766,1000
2012,1,6 El,15 LxX,xi@j ,150009,05,669,500
2012,1,6 El,15 LxX,΁@MY ,150007,07,1028,1000
2012,1,7 BE,16 xX,R@gm ,160000,01,308,1100
2012,1,7 BE,16 xX,с@N ,160002,02,1330,1800
2012,1,7 BE,16 xX,@j ,160010,03,1475,1800
2012,1,7 BE,16 xX,@F ,160007,05,1686,1300
2012,1,7 BE,16 xX,q@ ,160003,01,2763,1200
2012,1,7 BE,16 xX,@ ,160002,05,1166,1800
2012,1,7 BE,17 xX,@rF ,170009,05,1572,1700
2012,1,7 BE,17 xX,R@ ,170000,01,436,1200
2012,1,7 BE,17 xX,R@Y ,170007,03,1560,800
2012,1,7 BE,18 ߔexX,댴@V ,180001,05,358,300
2012,1,7 BE,18 ߔexX,@ ,180009,07,478,1900
2012,1,7 BE,18 ߔexX,@ ,180005,07,133,300
2012,1,7 BE,18 ߔexX,{@ ,180000,07,1268,900
2012,2,1 kC,01 DyxX,Y@qM ,10002,02,193,1400
2012,2,1 kC,01 DyxX,{@_ ,10002,03,567,600
2012,2,1 kC,01 DyxX,@L ,10007,02,1248,800
2012,2,1 kC,01 DyxX,{@ ,10010,01,3850,600
2012,2,1 kC,01 DyxX,Έ@ ,10008,05,1526,100
2012,2,2 k,02 xX,{@[ ,20005,02,932,400
2012,2,2 k,02 xX,쒆@G ,20004,07,1511,400
2012,2,2 k,02 xX,c@Nv ,20001,03,544,1900
2012,2,2 k,02 xX,ҁ@Mj ,20001,08,109,1800
2012,2,3 ֓,03 txX,{@G ,30002,05,297,100
2012,2,3 ֓,03 txX,ic@ ,30008,07,1447,200
2012,2,3 ֓,03 txX,@r ,30005,04,1486,1500
2012,2,3 ֓,04 蒬xX,с@mq ,40008,03,1224,200
2012,2,3 ֓,04 蒬xX,~c@[ ,40008,08,1105,1000
2012,2,3 ֓,04 蒬xX,@|j ,40008,05,1684,1500
2012,2,3 ֓,04 蒬xX,߁@qs ,40004,05,1822,200
2012,2,3 ֓,04 蒬xX,{{@r ,40008,02,524,1600
2012,2,3 ֓,04 蒬xX,@ ,40007,06,193,1900
2012,2,3 ֓,04 蒬xX,{@Nv ,40001,02,669,1100
2012,2,3 ֓,04 蒬xX,yV@Nu ,40009,05,1595,1000
2012,2,3 ֓,05 aJxX,@S ,50000,01,3871,1700
2012,2,3 ֓,05 aJxX,얔@Kv ,50008,03,361,1200
2012,2,3 ֓,05 aJxX,؁@Gl ,50009,03,1904,400
2012,2,3 ֓,05 aJxX,c@͕v ,50002,05,469,500
2012,2,3 ֓,05 aJxX,Ԑ@ ,50005,07,1087,1700
2012,2,3 ֓,06 VhxX,@ ,60008,03,1584,1200
2012,2,3 ֓,06 VhxX,n@al ,60000,02,887,1400
2012,2,3 ֓,06 VhxX,ޔ@ ,60004,02,939,1200
2012,2,3 ֓,06 VhxX,[c@ ,60006,01,3938,1900
2012,2,3 ֓,06 VhxX,c@ ,60007,03,452,1900
2012,2,3 ֓,06 VhxX,˖{@F ,60006,03,1986,1100
2012,2,3 ֓,06 VhxX,V@q ,60009,03,140,1000
2012,2,3 ֓,07 lxX,쐣@ ,70003,01,3263,400
2012,2,3 ֓,07 lxX,c@ ,70005,05,292,1600
2012,2,3 ֓,07 lxX,΍@ ,70000,02,1330,700
2012,2,3 ֓,07 lxX,@S ,70007,07,1869,1800
2012,2,3 ֓,08 ܎xX,@G ,80010,03,141,1700
2012,2,3 ֓,08 ܎xX,r@av ,80000,06,649,800
2012,2,3 ֓,08 ܎xX,k@Y ,80002,08,1340,700
2012,2,4 ,09 ÉxX,ҁ@ ,90006,06,471,100
2012,2,4 ,09 ÉxX,L@ ,90008,07,1168,400
2012,2,4 ,09 ÉxX,쑺@Bv ,90010,05,390,1800
2012,2,4 ,10 ÉxX,@ ,100006,03,911,900
2012,2,4 ,10 ÉxX,@ꐬ ,100006,04,279,1800
2012,2,4 ,10 ÉxX,c@m ,100006,02,482,1300
2012,2,4 ,10 ÉxX,V@G ,100009,08,827,300
2012,2,4 ,10 ÉxX,@C ,100006,08,558,400
2012,2,4 ,10 ÉxX,O@p ,100002,04,822,1400
2012,2,4 ,10 ÉxX,@hO ,100008,04,1027,1600
2012,2,5 ߋE,11 sxX,@\ ,110007,06,1870,300
2012,2,5 ߋE,11 sxX,ف@M ,110004,02,1801,1700
2012,2,5 ߋE,11 sxX,@v ,110009,07,1104,700
2012,2,5 ߋE,11 sxX,@Wm ,110010,08,437,1200
2012,2,5 ߋE,11 sxX,X@L ,110000,01,503,1400
2012,2,5 ߋE,12 xX,K@hV ,120006,04,1035,1100
2012,2,5 ߋE,12 xX,@ ,120008,03,865,1300
2012,2,5 ߋE,12 xX,R@C ,120003,04,626,1100
2012,2,5 ߋE,12 xX,@j ,120003,05,1398,1300
2012,2,5 ߋE,12 xX,@^i ,120002,02,1319,400
2012,2,5 ߋE,12 xX,V؁@qN ,120002,04,1719,1200
2012,2,5 ߋE,12 xX,ێR@O ,120009,01,3219,1600
2012,2,5 ߋE,12 xX,ؓ@mV ,120008,06,853,1700
2012,2,5 ߋE,13 _ˎxX,Fs{@ ,130008,01,3764,1100
2012,2,5 ߋE,13 _ˎxX,XR@׎j ,130000,05,201,1700
2012,2,6 El,14 RxX,n@ ,140000,05,122,300
2012,2,6 El,14 RxX,R@q ,140005,04,157,200
2012,2,6 El,14 RxX,t@q ,140005,02,1466,1000
2012,2,6 El,15 LxX,֎R@Gl ,150001,07,579,1000
2012,2,6 El,15 LxX,@ ,150003,01,3740,1600
2012,2,6 El,15 LxX,Ɍ@ ,150004,05,1199,800
2012,2,6 El,15 LxX,xi@j ,150004,01,3904,1900
2012,2,6 El,15 LxX,΁@MY ,150009,06,1244,400
2012,2,7 BE,16 xX,R@gm ,160005,06,753,1600
2012,2,7 BE,16 xX,с@N ,160003,04,1977,1200
2012,2,7 BE,16 xX,@j ,160001,08,902,1000
2012,2,7 BE,16 xX,@F ,160008,08,1035,600
2012,2,7 BE,16 xX,q@ ,160005,01,307,600
2012,2,7 BE,16 xX,@ ,160006,08,1566,1200
2012,2,7 BE,17 xX,@rF ,170001,06,1536,1300
2012,2,7 BE,17 xX,R@ ,170007,08,585,1700
2012,2,7 BE,17 xX,R@Y ,170001,05,1957,900
2012,2,7 BE,18 ߔexX,댴@V ,180003,04,1084,1900
2012,2,7 BE,18 ߔexX,@ ,180010,07,974,1800
2012,2,7 BE,18 ߔexX,@ ,180009,04,467,1900
2012,2,7 BE,18 ߔexX,{@ ,180007,02,698,1800
2012,3,1 kC,01 DyxX,Y@qM ,10007,03,671,2200
2012,3,1 kC,01 DyxX,{@_ ,10004,04,1347,2700
2012,3,1 kC,01 DyxX,@L ,10003,08,2218,1900
2012,3,1 kC,01 DyxX,{@ ,10002,01,3967,400
2012,3,1 kC,01 DyxX,Έ@ ,10009,04,867,2200
2012,3,2 k,02 xX,{@[ ,20000,07,2968,2900
2012,3,2 k,02 xX,쒆@G ,20010,06,1312,800
2012,3,2 k,02 xX,c@Nv ,20001,04,1566,1900
2012,3,2 k,02 xX,ҁ@Mj ,20000,05,695,600
2012,3,3 ֓,03 txX,{@G ,30004,08,1921,600
2012,3,3 ֓,03 txX,ic@ ,30006,01,793,1600
2012,3,3 ֓,03 txX,@r ,30009,08,758,1700
2012,3,3 ֓,04 蒬xX,с@mq ,40001,05,612,1600
2012,3,3 ֓,04 蒬xX,~c@[ ,40005,01,2805,2300
2012,3,3 ֓,04 蒬xX,@|j ,40000,03,2927,1400
2012,3,3 ֓,04 蒬xX,߁@qs ,40008,02,815,500
2012,3,3 ֓,04 蒬xX,{{@r ,40001,08,710,2600
2012,3,3 ֓,04 蒬xX,@ ,40001,05,2516,2300
2012,3,3 ֓,04 蒬xX,{@Nv ,40008,07,1697,300
2012,3,3 ֓,04 蒬xX,yV@Nu ,40002,07,703,2300
2012,3,3 ֓,05 aJxX,@S ,50006,04,2521,2600
2012,3,3 ֓,05 aJxX,얔@Kv ,50001,01,799,1600
2012,3,3 ֓,05 aJxX,؁@Gl ,50004,08,378,2000
2012,3,3 ֓,05 aJxX,c@͕v ,50008,08,2482,100
2012,3,3 ֓,05 aJxX,Ԑ@ ,50007,01,3094,2000
2012,3,3 ֓,06 VhxX,@ ,60004,06,2009,200
2012,3,3 ֓,06 VhxX,n@al ,60009,07,2252,800
2012,3,3 ֓,06 VhxX,ޔ@ ,60001,03,1683,1500
2012,3,3 ֓,06 VhxX,[c@ ,60004,02,1322,700
2012,3,3 ֓,06 VhxX,c@ ,60008,05,2520,2100
2012,3,3 ֓,06 VhxX,˖{@F ,60005,08,1480,2500
2012,3,3 ֓,06 VhxX,V@q ,60002,03,1350,900
2012,3,3 ֓,07 lxX,쐣@ ,70005,01,2668,1900
2012,3,3 ֓,07 lxX,c@ ,70001,08,2110,500
2012,3,3 ֓,07 lxX,΍@ ,70006,07,887,1200
2012,3,3 ֓,07 lxX,@S ,70004,07,1369,900
2012,3,3 ֓,08 ܎xX,@G ,80001,03,1826,800
2012,3,3 ֓,08 ܎xX,r@av ,80010,06,489,500
2012,3,3 ֓,08 ܎xX,k@Y ,80008,01,844,1100
2012,3,4 ,09 ÉxX,ҁ@ ,90008,07,228,2100
2012,3,4 ,09 ÉxX,L@ ,90003,04,2802,300
2012,3,4 ,09 ÉxX,쑺@Bv ,90000,04,2159,1300
2012,3,4 ,10 ÉxX,@ ,100002,08,2155,2400
2012,3,4 ,10 ÉxX,@ꐬ ,100009,08,370,500
2012,3,4 ,10 ÉxX,c@m ,100003,08,665,600
2012,3,4 ,10 ÉxX,V@G ,100005,04,2303,1400
2012,3,4 ,10 ÉxX,@C ,100001,05,343,1900
2012,3,4 ,10 ÉxX,O@p ,100006,03,1109,400
2012,3,4 ,10 ÉxX,@hO ,100001,05,955,1700
2012,3,5 ߋE,11 sxX,@\ ,110001,07,552,400
2012,3,5 ߋE,11 sxX,ف@M ,110007,07,876,2700
2012,3,5 ߋE,11 sxX,@v ,110000,02,2407,600
2012,3,5 ߋE,11 sxX,@Wm ,110007,08,2218,2700
2012,3,5 ߋE,11 sxX,X@L ,110009,01,2988,1600
2012,3,5 ߋE,12 xX,K@hV ,120009,07,516,2800
2012,3,5 ߋE,12 xX,@ ,120008,02,1899,400
2012,3,5 ߋE,12 xX,R@C ,120001,07,1133,1900
2012,3,5 ߋE,12 xX,@j ,120009,05,2988,2300
2012,3,5 ߋE,12 xX,@^i ,120001,07,453,1700
2012,3,5 ߋE,12 xX,V؁@qN ,120010,07,654,1500
2012,3,5 ߋE,12 xX,ێR@O ,120000,01,325,1700
2012,3,5 ߋE,12 xX,ؓ@mV ,120008,07,2233,1100
2012,3,5 ߋE,13 _ˎxX,Fs{@ ,130000,06,2605,1000
2012,3,5 ߋE,13 _ˎxX,XR@׎j ,130006,07,196,1900
2012,3,6 El,14 RxX,n@ ,140006,07,1144,1900
2012,3,6 El,14 RxX,R@q ,140001,05,2178,400
2012,3,6 El,14 RxX,t@q ,140003,05,1147,1100
2012,3,6 El,15 LxX,֎R@Gl ,150002,06,2650,2300
2012,3,6 El,15 LxX,@ ,150000,02,1857,1500
2012,3,6 El,15 LxX,Ɍ@ ,150008,01,3795,1100
2012,3,6 El,15 LxX,xi@j ,150009,01,805,2000
2012,3,6 El,15 LxX,΁@MY ,150007,06,2985,2900
2012,3,7 BE,16 xX,R@gm ,160000,03,1827,2900
2012,3,7 BE,16 xX,с@N ,160008,04,2737,2700
2012,3,7 BE,16 xX,@j ,160002,05,1857,1300
2012,3,7 BE,16 xX,@F ,160000,08,653,1500
2012,3,7 BE,16 xX,q@ ,160008,01,225,1400
2012,3,7 BE,16 xX,@ ,160010,05,986,100
2012,3,7 BE,17 xX,@rF ,170004,07,1420,1100
2012,3,7 BE,17 xX,R@ ,170005,05,2028,2300
2012,3,7 BE,17 xX,R@Y ,170009,02,2332,1000
2012,3,7 BE,18 ߔexX,댴@V ,180005,02,1340,800
2012,3,7 BE,18 ߔexX,@ ,180000,06,2937,500
2012,3,7 BE,18 ߔexX,@ ,180010,04,782,1200
2012,3,7 BE,18 ߔexX,{@ ,180001,04,2796,1500
2012,4,1 kC,01 DyxX,Y@qM ,10000,01,3768,1300
2012,4,1 kC,01 DyxX,{@_ ,10010,03,239,600
2012,4,1 kC,01 DyxX,@L ,10004,07,569,500
2012,4,1 kC,01 DyxX,{@ ,10000,06,427,1700
2012,4,1 kC,01 DyxX,Έ@ ,10006,08,1496,2100
2012,4,2 k,02 xX,{@[ ,20006,04,1692,1200
2012,4,2 k,02 xX,쒆@G ,20004,07,2151,500
2012,4,2 k,02 xX,c@Nv ,20003,08,150,100
2012,4,2 k,02 xX,ҁ@Mj ,20003,07,1563,2000
2012,4,3 ֓,03 txX,{@G ,30002,04,1900,2600
2012,4,3 ֓,03 txX,ic@ ,30007,07,681,2000
2012,4,3 ֓,03 txX,@r ,30001,01,2299,200
2012,4,3 ֓,04 蒬xX,с@mq ,40006,08,2881,1000
2012,4,3 ֓,04 蒬xX,~c@[ ,40008,05,2960,1100
2012,4,3 ֓,04 蒬xX,@|j ,40002,04,2384,2700
2012,4,3 ֓,04 蒬xX,߁@qs ,40000,08,2066,1800
2012,4,3 ֓,04 蒬xX,{{@r ,40009,02,2411,2200
2012,4,3 ֓,04 蒬xX,@ ,40004,01,2785,1600
2012,4,3 ֓,04 蒬xX,{@Nv ,40000,07,1467,2400
2012,4,3 ֓,04 蒬xX,yV@Nu ,40000,01,3921,2000
2012,4,3 ֓,05 aJxX,@S ,50009,01,2651,1500
2012,4,3 ֓,05 aJxX,얔@Kv ,50008,02,2548,2500
2012,4,3 ֓,05 aJxX,؁@Gl ,50000,02,2277,2200
2012,4,3 ֓,05 aJxX,c@͕v ,50003,01,3568,200
2012,4,3 ֓,05 aJxX,Ԑ@ ,50003,01,3744,800
2012,4,3 ֓,06 VhxX,@ ,60001,06,1221,100
2012,4,3 ֓,06 VhxX,n@al ,60009,04,539,2600
2012,4,3 ֓,06 VhxX,ޔ@ ,60002,08,2933,1100
2012,4,3 ֓,06 VhxX,[c@ ,60001,08,2002,100
2012,4,3 ֓,06 VhxX,c@ ,60005,05,189,1600
2012,4,3 ֓,06 VhxX,˖{@F ,60004,02,311,1300
2012,4,3 ֓,06 VhxX,V@q ,60003,07,2277,600
2012,4,3 ֓,07 lxX,쐣@ ,70008,07,2402,100
2012,4,3 ֓,07 lxX,c@ ,70005,06,1656,2100
2012,4,3 ֓,07 lxX,΍@ ,70000,07,1352,700
2012,4,3 ֓,07 lxX,@S ,70001,08,1514,1700
2012,4,3 ֓,08 ܎xX,@G ,80000,06,448,2500
2012,4,3 ֓,08 ܎xX,r@av ,80009,03,2438,2300
2012,4,3 ֓,08 ܎xX,k@Y ,80008,06,2214,1400
2012,4,4 ,09 ÉxX,ҁ@ ,90000,05,309,1100
2012,4,4 ,09 ÉxX,L@ ,90006,08,2252,1500
2012,4,4 ,09 ÉxX,쑺@Bv ,90006,05,2198,1000
2012,4,4 ,10 ÉxX,@ ,100001,01,3244,800
2012,4,4 ,10 ÉxX,@ꐬ ,100005,04,775,1800
2012,4,4 ,10 ÉxX,c@m ,100006,08,652,2700
2012,4,4 ,10 ÉxX,V@G ,100010,08,2820,100
2012,4,4 ,10 ÉxX,@C ,100007,06,137,2400
2012,4,4 ,10 ÉxX,O@p ,100010,01,723,900
2012,4,4 ,10 ÉxX,@hO ,100008,04,1724,2200
2012,4,5 ߋE,11 sxX,@\ ,110001,03,2643,2200
2012,4,5 ߋE,11 sxX,ف@M ,110001,03,824,1700
2012,4,5 ߋE,11 sxX,@v ,110010,02,2895,1000
2012,4,5 ߋE,11 sxX,@Wm ,110009,02,2387,2700
2012,4,5 ߋE,11 sxX,X@L ,110006,05,2834,2100
2012,4,5 ߋE,12 xX,K@hV ,120005,02,2575,1100
2012,4,5 ߋE,12 xX,@ ,120008,02,132,1000
2012,4,5 ߋE,12 xX,R@C ,120006,06,932,1500
2012,4,5 ߋE,12 xX,@j ,120002,07,1343,1800
2012,4,5 ߋE,12 xX,@^i ,120002,04,2199,1700
2012,4,5 ߋE,12 xX,V؁@qN ,120002,04,2900,1100
2012,4,5 ߋE,12 xX,ێR@O ,120004,04,2079,2100
2012,4,5 ߋE,12 xX,ؓ@mV ,120008,03,2921,1700
2012,4,5 ߋE,13 _ˎxX,Fs{@ ,130008,06,748,700
2012,4,5 ߋE,13 _ˎxX,XR@׎j ,130004,01,2611,1700
2012,4,6 El,14 RxX,n@ ,140000,04,2603,1300
2012,4,6 El,14 RxX,R@q ,140005,04,2478,2100
2012,4,6 El,14 RxX,t@q ,140007,06,420,1800
2012,4,6 El,15 LxX,֎R@Gl ,150002,01,2466,1800
2012,4,6 El,15 LxX,@ ,150005,07,497,200
2012,4,6 El,15 LxX,Ɍ@ ,150010,08,1549,400
2012,4,6 El,15 LxX,xi@j ,150010,07,262,1100
2012,4,6 El,15 LxX,΁@MY ,150003,02,2861,700
2012,4,7 BE,16 xX,R@gm ,160005,08,1372,400
2012,4,7 BE,16 xX,с@N ,160001,05,1421,600
2012,4,7 BE,16 xX,@j ,160009,05,1030,2000
2012,4,7 BE,16 xX,@F ,160006,04,2999,2900
2012,4,7 BE,16 xX,q@ ,160007,03,832,600
2012,4,7 BE,16 xX,@ ,160003,03,1027,2400
2012,4,7 BE,17 xX,@rF ,170001,06,1592,1400
2012,4,7 BE,17 xX,R@ ,170002,04,1684,2700
2012,4,7 BE,17 xX,R@Y ,170001,02,1787,2400
2012,4,7 BE,18 ߔexX,댴@V ,180003,07,1162,800
2012,4,7 BE,18 ߔexX,@ ,180000,08,1768,2300
2012,4,7 BE,18 ߔexX,@ ,180007,05,2118,800
2012,4,7 BE,18 ߔexX,{@ ,180006,01,3181,2000
2011,1,1 kC,01 DyxX,Y@qM ,10005,02,1570,300
2011,1,1 kC,01 DyxX,{@_ ,10008,06,1685,500
2011,1,1 kC,01 DyxX,@L ,10006,01,3315,600
2011,1,1 kC,01 DyxX,{@ ,10008,02,1477,1300
2011,1,1 kC,01 DyxX,Έ@ ,10004,02,1624,200
2011,1,2 k,02 xX,{@[ ,20004,04,1164,800
2011,1,2 k,02 xX,쒆@G ,20006,01,3224,1100
2011,1,2 k,02 xX,c@Nv ,20002,02,149,1300
2011,1,2 k,02 xX,ҁ@Mj ,20003,05,1617,1600
2011,1,3 ֓,03 txX,{@G ,30003,07,335,700
2011,1,3 ֓,03 txX,ic@ ,30008,01,2146,500
2011,1,3 ֓,03 txX,@r ,30002,08,215,100
2011,1,3 ֓,04 蒬xX,с@mq ,40008,03,1391,1300
2011,1,3 ֓,04 蒬xX,~c@[ ,40008,05,1277,100
2011,1,3 ֓,04 蒬xX,@|j ,40001,03,185,800
2011,1,3 ֓,04 蒬xX,߁@qs ,40000,05,936,1900
2011,1,3 ֓,04 蒬xX,{{@r ,40003,05,457,1800
2011,1,3 ֓,04 蒬xX,@ ,40004,08,1605,1100
2011,1,3 ֓,04 蒬xX,{@Nv ,40007,01,3561,100
2011,1,3 ֓,04 蒬xX,yV@Nu ,40001,08,1478,1600
2011,1,3 ֓,05 aJxX,@S ,50002,04,363,1400
2011,1,3 ֓,05 aJxX,얔@Kv ,50000,03,1886,900
2011,1,3 ֓,05 aJxX,؁@Gl ,50004,01,2019,800
2011,1,3 ֓,05 aJxX,c@͕v ,50000,06,767,1800
2011,1,3 ֓,05 aJxX,Ԑ@ ,50000,04,1108,700
2011,1,3 ֓,06 VhxX,@ ,60003,07,769,700
2011,1,3 ֓,06 VhxX,n@al ,60000,08,944,300
2011,1,3 ֓,06 VhxX,ޔ@ ,60000,05,1863,1200
2011,1,3 ֓,06 VhxX,[c@ ,60004,01,3480,300
2011,1,3 ֓,06 VhxX,c@ ,60010,06,519,1100
2011,1,3 ֓,06 VhxX,˖{@F ,60002,06,976,300
2011,1,3 ֓,06 VhxX,V@q ,60000,03,1648,500
2011,1,3 ֓,07 lxX,쐣@ ,70006,07,1648,300
2011,1,3 ֓,07 lxX,c@ ,70008,02,795,1200
2011,1,3 ֓,07 lxX,΍@ ,70002,08,1115,1300
2011,1,3 ֓,07 lxX,@S ,70005,03,1236,1900
2011,1,3 ֓,08 ܎xX,@G ,80006,02,1961,700
2011,1,3 ֓,08 ܎xX,r@av ,80010,07,1498,1600
2011,1,3 ֓,08 ܎xX,k@Y ,80007,08,184,1900
2011,1,4 ,09 ÉxX,ҁ@ ,90009,03,191,1300
2011,1,4 ,09 ÉxX,L@ ,90000,07,1702,1600
2011,1,4 ,09 ÉxX,쑺@Bv ,90002,06,676,800
2011,1,4 ,10 ÉxX,@ ,100005,01,3626,600
2011,1,4 ,10 ÉxX,@ꐬ ,100006,07,433,400
2011,1,4 ,10 ÉxX,c@m ,100010,02,653,1400
2011,1,4 ,10 ÉxX,V@G ,100010,01,379,1400
2011,1,4 ,10 ÉxX,@C ,100001,08,1659,500
2011,1,4 ,10 ÉxX,O@p ,100004,01,994,1300
2011,1,4 ,10 ÉxX,@hO ,100005,05,1545,600
2011,1,5 ߋE,11 sxX,@\ ,110010,03,1489,1800
2011,1,5 ߋE,11 sxX,ف@M ,110007,08,1039,900
2011,1,5 ߋE,11 sxX,@v ,110002,06,1831,1900
2011,1,5 ߋE,11 sxX,@Wm ,110000,03,1032,1000
2011,1,5 ߋE,11 sxX,X@L ,110000,04,1644,100
2011,1,5 ߋE,12 xX,K@hV ,120010,03,1275,1600
2011,1,5 ߋE,12 xX,@ ,120009,01,3671,600
2011,1,5 ߋE,12 xX,R@C ,120005,07,1854,200
2011,1,5 ߋE,12 xX,@j ,120009,03,1440,100
2011,1,5 ߋE,12 xX,@^i ,120003,07,1892,1400
2011,1,5 ߋE,12 xX,V؁@qN ,120007,06,709,1900
2011,1,5 ߋE,12 xX,ێR@O ,120006,02,916,700
2011,1,5 ߋE,12 xX,ؓ@mV ,120007,01,3321,1000
2011,1,5 ߋE,13 _ˎxX,Fs{@ ,130007,08,134,700
2011,1,5 ߋE,13 _ˎxX,XR@׎j ,130006,01,903,1500
2011,1,6 El,14 RxX,n@ ,140007,03,1143,1600
2011,1,6 El,14 RxX,R@q ,140001,06,908,600
2011,1,6 El,14 RxX,t@q ,140010,04,259,1100
2011,1,6 El,15 LxX,֎R@Gl ,150007,05,1647,1200
2011,1,6 El,15 LxX,@ ,150004,02,1269,1700
2011,1,6 El,15 LxX,Ɍ@ ,150003,06,345,1400
2011,1,6 El,15 LxX,xi@j ,150008,03,1971,1200
2011,1,6 El,15 LxX,΁@MY ,150010,04,1645,1100
2011,1,7 BE,16 xX,R@gm ,160009,04,879,400
2011,1,7 BE,16 xX,с@N ,160000,01,2094,1800
2011,1,7 BE,16 xX,@j ,160008,05,538,900
2011,1,7 BE,16 xX,@F ,160007,01,783,300
2011,1,7 BE,16 xX,q@ ,160010,07,668,200
2011,1,7 BE,16 xX,@ ,160008,06,1075,1100
2011,1,7 BE,17 xX,@rF ,170000,03,533,400
2011,1,7 BE,17 xX,R@ ,170002,03,1353,1500
2011,1,7 BE,17 xX,R@Y ,170010,06,1562,1400
2011,1,7 BE,18 ߔexX,댴@V ,180009,07,1254,1600
2011,1,7 BE,18 ߔexX,@ ,180000,06,969,300
2011,1,7 BE,18 ߔexX,@ ,180004,04,1746,1400
2011,1,7 BE,18 ߔexX,{@ ,180009,05,622,1400
2011,2,1 kC,01 DyxX,Y@qM ,10002,03,1018,1700
2011,2,1 kC,01 DyxX,{@_ ,10006,02,1540,400
2011,2,1 kC,01 DyxX,@L ,10009,03,1176,1600
2011,2,1 kC,01 DyxX,{@ ,10006,05,376,200
2011,2,1 kC,01 DyxX,Έ@ ,10006,06,587,500
2011,2,2 k,02 xX,{@[ ,20002,03,140,1600
2011,2,2 k,02 xX,쒆@G ,20005,05,152,1400
2011,2,2 k,02 xX,c@Nv ,20005,05,1561,1900
2011,2,2 k,02 xX,ҁ@Mj ,20005,06,260,900
2011,2,3 ֓,03 txX,{@G ,30009,04,731,1900
2011,2,3 ֓,03 txX,ic@ ,30009,07,1149,1600
2011,2,3 ֓,03 txX,@r ,30008,04,401,200
2011,2,3 ֓,04 蒬xX,с@mq ,40003,02,1483,1700
2011,2,3 ֓,04 蒬xX,~c@[ ,40007,07,389,500
2011,2,3 ֓,04 蒬xX,@|j ,40001,04,1123,1800
2011,2,3 ֓,04 蒬xX,߁@qs ,40000,04,227,100
2011,2,3 ֓,04 蒬xX,{{@r ,40008,04,1462,400
2011,2,3 ֓,04 蒬xX,@ ,40003,08,1113,1200
2011,2,3 ֓,04 蒬xX,{@Nv ,40008,05,1069,100
2011,2,3 ֓,04 蒬xX,yV@Nu ,40006,07,385,600
2011,2,3 ֓,05 aJxX,@S ,50005,02,705,400
2011,2,3 ֓,05 aJxX,얔@Kv ,50008,01,2861,900
2011,2,3 ֓,05 aJxX,؁@Gl ,50006,08,959,400
2011,2,3 ֓,05 aJxX,c@͕v ,50000,02,1705,1800
2011,2,3 ֓,05 aJxX,Ԑ@ ,50009,03,388,1400
2011,2,3 ֓,06 VhxX,@ ,60004,06,1232,1200
2011,2,3 ֓,06 VhxX,n@al ,60009,08,1680,300
2011,2,3 ֓,06 VhxX,ޔ@ ,60004,01,269,900
2011,2,3 ֓,06 VhxX,[c@ ,60006,07,1621,1100
2011,2,3 ֓,06 VhxX,c@ ,60002,03,685,1300
2011,2,3 ֓,06 VhxX,˖{@F ,60005,03,1498,400
2011,2,3 ֓,06 VhxX,V@q ,60010,08,1976,700
2011,2,3 ֓,07 lxX,쐣@ ,70001,04,1347,400
2011,2,3 ֓,07 lxX,c@ ,70002,01,3956,700
2011,2,3 ֓,07 lxX,΍@ ,70010,07,1638,1400
2011,2,3 ֓,07 lxX,@S ,70010,01,2543,1800
2011,2,3 ֓,08 ܎xX,@G ,80007,08,723,800
2011,2,3 ֓,08 ܎xX,r@av ,80009,04,1151,1200
2011,2,3 ֓,08 ܎xX,k@Y ,80005,07,249,100
2011,2,4 ,09 ÉxX,ҁ@ ,90005,01,286,1700
2011,2,4 ,09 ÉxX,L@ ,90000,07,1968,300
2011,2,4 ,09 ÉxX,쑺@Bv ,90007,07,620,500
2011,2,4 ,10 ÉxX,@ ,100007,07,1683,500
2011,2,4 ,10 ÉxX,@ꐬ ,100009,07,122,1900
2011,2,4 ,10 ÉxX,c@m ,100000,08,509,600
2011,2,4 ,10 ÉxX,V@G ,100010,07,1795,1400
2011,2,4 ,10 ÉxX,@C ,100004,06,1770,1600
2011,2,4 ,10 ÉxX,O@p ,100004,01,3612,1500
2011,2,4 ,10 ÉxX,@hO ,100003,04,1061,200
2011,2,5 ߋE,11 sxX,@\ ,110001,03,447,300
2011,2,5 ߋE,11 sxX,ف@M ,110003,07,1025,600
2011,2,5 ߋE,11 sxX,@v ,110010,08,150,800
2011,2,5 ߋE,11 sxX,@Wm ,110004,01,971,600
2011,2,5 ߋE,11 sxX,X@L ,110005,05,269,1800
2011,2,5 ߋE,12 xX,K@hV ,120007,08,1184,1400
2011,2,5 ߋE,12 xX,@ ,120007,02,1725,900
2011,2,5 ߋE,12 xX,R@C ,120006,03,1395,1000
2011,2,5 ߋE,12 xX,@j ,120000,04,1956,300
2011,2,5 ߋE,12 xX,@^i ,120007,07,1342,900
2011,2,5 ߋE,12 xX,V؁@qN ,120004,08,902,1900
2011,2,5 ߋE,12 xX,ێR@O ,120007,02,1055,1900
2011,2,5 ߋE,12 xX,ؓ@mV ,120009,05,367,600
2011,2,5 ߋE,13 _ˎxX,Fs{@ ,130006,03,1906,1900
2011,2,5 ߋE,13 _ˎxX,XR@׎j ,130005,03,1986,1500
2011,2,6 El,14 RxX,n@ ,140010,07,347,1100
2011,2,6 El,14 RxX,R@q ,140007,06,1467,1900
2011,2,6 El,14 RxX,t@q ,140006,08,1783,1900
2011,2,6 El,15 LxX,֎R@Gl ,150010,04,1355,1000
2011,2,6 El,15 LxX,@ ,150001,05,1500,1600
2011,2,6 El,15 LxX,Ɍ@ ,150008,05,1245,500
2011,2,6 El,15 LxX,xi@j ,150004,04,1580,300
2011,2,6 El,15 LxX,΁@MY ,150006,06,752,1100
2011,2,7 BE,16 xX,R@gm ,160009,03,118,1600
2011,2,7 BE,16 xX,с@N ,160008,03,330,600
2011,2,7 BE,16 xX,@j ,160006,02,1630,1000
2011,2,7 BE,16 xX,@F ,160007,02,1605,1600
2011,2,7 BE,16 xX,q@ ,160000,07,704,100
2011,2,7 BE,16 xX,@ ,160010,07,1406,1000
2011,2,7 BE,17 xX,@rF ,170010,04,1472,600
2011,2,7 BE,17 xX,R@ ,170008,02,1653,1200
2011,2,7 BE,17 xX,R@Y ,170007,07,937,1100
2011,2,7 BE,18 ߔexX,댴@V ,180004,01,3595,300
2011,2,7 BE,18 ߔexX,@ ,180009,01,3724,1200
2011,2,7 BE,18 ߔexX,@ ,180007,02,704,1800
2011,2,7 BE,18 ߔexX,{@ ,180006,01,3621,300
2011,3,1 kC,01 DyxX,Y@qM ,10006,01,2490,800
2011,3,1 kC,01 DyxX,{@_ ,10004,04,1440,700
2011,3,1 kC,01 DyxX,@L ,10000,02,318,100
2011,3,1 kC,01 DyxX,{@ ,10004,02,1187,900
2011,3,1 kC,01 DyxX,Έ@ ,10000,06,1513,1700
2011,3,2 k,02 xX,{@[ ,20006,01,3180,600
2011,3,2 k,02 xX,쒆@G ,20008,06,896,1700
2011,3,2 k,02 xX,c@Nv ,20002,06,294,1800
2011,3,2 k,02 xX,ҁ@Mj ,20009,01,221,800
2011,3,3 ֓,03 txX,{@G ,30003,07,1280,700
2011,3,3 ֓,03 txX,ic@ ,30009,05,609,1900
2011,3,3 ֓,03 txX,@r ,30001,02,1367,1600
2011,3,3 ֓,04 蒬xX,с@mq ,40009,02,598,1300
2011,3,3 ֓,04 蒬xX,~c@[ ,40008,07,501,100
2011,3,3 ֓,04 蒬xX,@|j ,40001,08,1587,1200
2011,3,3 ֓,04 蒬xX,߁@qs ,40002,06,465,400
2011,3,3 ֓,04 蒬xX,{{@r ,40004,08,839,300
2011,3,3 ֓,04 蒬xX,@ ,40003,01,3332,300
2011,3,3 ֓,04 蒬xX,{@Nv ,40003,03,571,1900
2011,3,3 ֓,04 蒬xX,yV@Nu ,40008,06,1712,400
2011,3,3 ֓,05 aJxX,@S ,50008,02,621,1000
2011,3,3 ֓,05 aJxX,얔@Kv ,50009,06,1172,1600
2011,3,3 ֓,05 aJxX,؁@Gl ,50000,08,189,1500
2011,3,3 ֓,05 aJxX,c@͕v ,50002,03,1106,700
2011,3,3 ֓,05 aJxX,Ԑ@ ,50009,02,825,200
2011,3,3 ֓,06 VhxX,@ ,60001,08,509,300
2011,3,3 ֓,06 VhxX,n@al ,60005,03,852,1400
2011,3,3 ֓,06 VhxX,ޔ@ ,60000,02,1134,1900
2011,3,3 ֓,06 VhxX,[c@ ,60004,08,592,1500
2011,3,3 ֓,06 VhxX,c@ ,60008,08,1999,1200
2011,3,3 ֓,06 VhxX,˖{@F ,60008,07,1914,1600
2011,3,3 ֓,06 VhxX,V@q ,60001,06,1909,900
2011,3,3 ֓,07 lxX,쐣@ ,70002,04,865,300
2011,3,3 ֓,07 lxX,c@ ,70004,05,985,200
2011,3,3 ֓,07 lxX,΍@ ,70007,08,138,1000
2011,3,3 ֓,07 lxX,@S ,70006,08,1690,1200
2011,3,3 ֓,08 ܎xX,@G ,80000,08,568,200
2011,3,3 ֓,08 ܎xX,r@av ,80008,05,1088,1400
2011,3,3 ֓,08 ܎xX,k@Y ,80000,01,3404,1800
2011,3,4 ,09 ÉxX,ҁ@ ,90002,03,556,1900
2011,3,4 ,09 ÉxX,L@ ,90010,06,1551,900
2011,3,4 ,09 ÉxX,쑺@Bv ,90001,07,765,600
2011,3,4 ,10 ÉxX,@ ,100000,02,1532,1300
2011,3,4 ,10 ÉxX,@ꐬ ,100006,05,200,1300
2011,3,4 ,10 ÉxX,c@m ,100003,03,383,500
2011,3,4 ,10 ÉxX,V@G ,100004,04,1893,1400
2011,3,4 ,10 ÉxX,@C ,100010,02,1960,1400
2011,3,4 ,10 ÉxX,O@p ,100009,04,1041,100
2011,3,4 ,10 ÉxX,@hO ,100004,04,183,1100
2011,3,5 ߋE,11 sxX,@\ ,110010,08,654,500
2011,3,5 ߋE,11 sxX,ف@M ,110004,06,1673,900
2011,3,5 ߋE,11 sxX,@v ,110008,05,582,700
2011,3,5 ߋE,11 sxX,@Wm ,110010,07,1609,800
2011,3,5 ߋE,11 sxX,X@L ,110010,02,1963,1000
2011,3,5 ߋE,12 xX,K@hV ,120008,03,935,1100
2011,3,5 ߋE,12 xX,@ ,120006,02,1401,800
2011,3,5 ߋE,12 xX,R@C ,120001,04,695,1700
2011,3,5 ߋE,12 xX,@j ,120007,01,874,500
2011,3,5 ߋE,12 xX,@^i ,120006,08,757,700
2011,3,5 ߋE,12 xX,V؁@qN ,120004,08,1558,1800
2011,3,5 ߋE,12 xX,ێR@O ,120008,02,1962,900
2011,3,5 ߋE,12 xX,ؓ@mV ,120007,08,655,1900
2011,3,5 ߋE,13 _ˎxX,Fs{@ ,130010,07,1009,200
2011,3,5 ߋE,13 _ˎxX,XR@׎j ,130000,01,2998,1300
2011,3,6 El,14 RxX,n@ ,140003,05,1492,1700
2011,3,6 El,14 RxX,R@q ,140005,08,192,1900
2011,3,6 El,14 RxX,t@q ,140005,07,1186,1600
2011,3,6 El,15 LxX,֎R@Gl ,150002,02,1020,1000
2011,3,6 El,15 LxX,@ ,150008,02,1294,1300
2011,3,6 El,15 LxX,Ɍ@ ,150000,07,922,800
2011,3,6 El,15 LxX,xi@j ,150007,02,505,100
2011,3,6 El,15 LxX,΁@MY ,150007,08,569,1500
2011,3,7 BE,16 xX,R@gm ,160008,02,475,1700
2011,3,7 BE,16 xX,с@N ,160008,01,3348,1500
2011,3,7 BE,16 xX,@j ,160010,04,1230,600
2011,3,7 BE,16 xX,@F ,160007,08,1428,1700
2011,3,7 BE,16 xX,q@ ,160009,04,1858,1500
2011,3,7 BE,16 xX,@ ,160003,08,217,1400
2011,3,7 BE,17 xX,@rF ,170004,05,1113,1000
2011,3,7 BE,17 xX,R@ ,170006,08,1467,1600
2011,3,7 BE,17 xX,R@Y ,170002,05,606,200
2011,3,7 BE,18 ߔexX,댴@V ,180002,03,1332,1500
2011,3,7 BE,18 ߔexX,@ ,180006,02,1911,1400
2011,3,7 BE,18 ߔexX,@ ,180000,05,232,600
2011,3,7 BE,18 ߔexX,{@ ,180002,04,340,300
2011,4,1 kC,01 DyxX,Y@qM ,10007,02,506,200
2011,4,1 kC,01 DyxX,{@_ ,10005,01,2388,1100
2011,4,1 kC,01 DyxX,@L ,10001,08,1077,300
2011,4,1 kC,01 DyxX,{@ ,10002,04,639,1700
2011,4,1 kC,01 DyxX,Έ@ ,10007,04,1092,700
2011,4,2 k,02 xX,{@[ ,20008,05,1296,1000
2011,4,2 k,02 xX,쒆@G ,20002,06,910,1300
2011,4,2 k,02 xX,c@Nv ,20008,05,1329,900
2011,4,2 k,02 xX,ҁ@Mj ,20004,08,1293,1800
2011,4,3 ֓,03 txX,{@G ,30009,07,1976,300
2011,4,3 ֓,03 txX,ic@ ,30004,04,801,100
2011,4,3 ֓,03 txX,@r ,30006,06,1383,200
2011,4,3 ֓,04 蒬xX,с@mq ,40003,06,1988,1300
2011,4,3 ֓,04 蒬xX,~c@[ ,40001,07,1515,1400
2011,4,3 ֓,04 蒬xX,@|j ,40004,06,1421,600
2011,4,3 ֓,04 蒬xX,߁@qs ,40002,05,159,100
2011,4,3 ֓,04 蒬xX,{{@r ,40003,02,604,200
2011,4,3 ֓,04 蒬xX,@ ,40002,05,1082,1000
2011,4,3 ֓,04 蒬xX,{@Nv ,40000,05,160,1100
2011,4,3 ֓,04 蒬xX,yV@Nu ,40008,05,279,100
2011,4,3 ֓,05 aJxX,@S ,50010,08,1421,100
2011,4,3 ֓,05 aJxX,얔@Kv ,50001,03,510,1100
2011,4,3 ֓,05 aJxX,؁@Gl ,50000,02,1056,1800
2011,4,3 ֓,05 aJxX,c@͕v ,50006,05,1910,800
2011,4,3 ֓,05 aJxX,Ԑ@ ,50000,08,357,1000
2011,4,3 ֓,06 VhxX,@ ,60001,06,1372,1000
2011,4,3 ֓,06 VhxX,n@al ,60005,03,188,1200
2011,4,3 ֓,06 VhxX,ޔ@ ,60003,03,457,1600
2011,4,3 ֓,06 VhxX,[c@ ,60010,03,1323,1900
2011,4,3 ֓,06 VhxX,c@ ,60006,02,226,1900
2011,4,3 ֓,06 VhxX,˖{@F ,60010,07,550,700
2011,4,3 ֓,06 VhxX,V@q ,60003,01,3607,500
2011,4,3 ֓,07 lxX,쐣@ ,70001,06,886,600
2011,4,3 ֓,07 lxX,c@ ,70003,02,413,600
2011,4,3 ֓,07 lxX,΍@ ,70009,05,1292,900
2011,4,3 ֓,07 lxX,@S ,70010,04,1363,200
2011,4,3 ֓,08 ܎xX,@G ,80004,04,816,800
2011,4,3 ֓,08 ܎xX,r@av ,80004,05,1409,900
2011,4,3 ֓,08 ܎xX,k@Y ,80002,06,871,300
2011,4,4 ,09 ÉxX,ҁ@ ,90000,02,1059,1500
2011,4,4 ,09 ÉxX,L@ ,90004,02,1202,700
2011,4,4 ,09 ÉxX,쑺@Bv ,90004,04,1862,300
2011,4,4 ,10 ÉxX,@ ,100008,03,1177,1700
2011,4,4 ,10 ÉxX,@ꐬ ,100004,07,1431,800
2011,4,4 ,10 ÉxX,c@m ,100003,05,981,1600
2011,4,4 ,10 ÉxX,V@G ,100002,05,1212,300
2011,4,4 ,10 ÉxX,@C ,100005,06,1711,600
2011,4,4 ,10 ÉxX,O@p ,100002,07,1961,600
2011,4,4 ,10 ÉxX,@hO ,100009,08,763,700
2011,4,5 ߋE,11 sxX,@\ ,110002,08,1658,1400
2011,4,5 ߋE,11 sxX,ف@M ,110002,03,520,1600
2011,4,5 ߋE,11 sxX,@v ,110007,06,545,200
2011,4,5 ߋE,11 sxX,@Wm ,110009,03,1293,300
2011,4,5 ߋE,11 sxX,X@L ,110003,06,649,500
2011,4,5 ߋE,12 xX,K@hV ,120000,08,302,1400
2011,4,5 ߋE,12 xX,@ ,120006,05,580,1100
2011,4,5 ߋE,12 xX,R@C ,120002,01,2495,500
2011,4,5 ߋE,12 xX,@j ,120007,04,618,400
2011,4,5 ߋE,12 xX,@^i ,120004,04,1460,1900
2011,4,5 ߋE,12 xX,V؁@qN ,120004,06,1350,800
2011,4,5 ߋE,12 xX,ێR@O ,120000,06,1120,1100
2011,4,5 ߋE,12 xX,ؓ@mV ,120000,02,1079,1400
2011,4,5 ߋE,13 _ˎxX,Fs{@ ,130006,06,1646,1900
2011,4,5 ߋE,13 _ˎxX,XR@׎j ,130002,08,1436,600
2011,4,6 El,14 RxX,n@ ,140009,01,3127,1600
2011,4,6 El,14 RxX,R@q ,140008,07,1124,1800
2011,4,6 El,14 RxX,t@q ,140004,08,1385,700
2011,4,6 El,15 LxX,֎R@Gl ,150006,02,177,1100
2011,4,6 El,15 LxX,@ ,150010,04,102,1700
2011,4,6 El,15 LxX,Ɍ@ ,150005,08,1559,400
2011,4,6 El,15 LxX,xi@j ,150001,02,360,500
2011,4,6 El,15 LxX,΁@MY ,150003,08,1188,1600
2011,4,7 BE,16 xX,R@gm ,160007,02,127,200
2011,4,7 BE,16 xX,с@N ,160002,08,822,400
2011,4,7 BE,16 xX,@j ,160010,03,1715,1100
2011,4,7 BE,16 xX,@F ,160006,07,789,700
2011,4,7 BE,16 xX,q@ ,160005,01,3465,1000
2011,4,7 BE,16 xX,@ ,160007,06,578,1300
2011,4,7 BE,17 xX,@rF ,170008,02,1563,1500
2011,4,7 BE,17 xX,R@ ,170002,06,1552,500
2011,4,7 BE,17 xX,R@Y ,170007,02,1789,500
2011,4,7 BE,18 ߔexX,댴@V ,180004,02,556,1500
2011,4,7 BE,18 ߔexX,@ ,180003,02,396,1600
2011,4,7 BE,18 ߔexX,@ ,180009,08,856,600
2011,4,7 BE,18 ߔexX,{@ ,180010,08,390,800
2012,1,1 kC,01 DyxX,Y@qM ,10008,02,1860,800
2012,1,1 kC,01 DyxX,{@_ ,10007,05,1376,500
2012,1,1 kC,01 DyxX,@L ,10002,07,1294,1000
2012,1,1 kC,01 DyxX,{@ ,10003,04,696,500
2012,1,1 kC,01 DyxX,Έ@ ,10008,03,377,300
2012,1,2 k,02 xX,{@[ ,20009,03,1316,1300
2012,1,2 k,02 xX,쒆@G ,20004,06,882,100
2012,1,2 k,02 xX,c@Nv ,20002,07,1547,300
2012,1,2 k,02 xX,ҁ@Mj ,20006,05,731,400
2012,1,3 ֓,03 txX,{@G ,30002,03,524,1000
2012,1,3 ֓,03 txX,ic@ ,30000,01,2289,1000
2012,1,3 ֓,03 txX,@r ,30004,01,2697,800
2012,1,3 ֓,04 蒬xX,с@mq ,40008,06,712,700
2012,1,3 ֓,04 蒬xX,~c@[ ,40006,08,1499,100
2012,1,3 ֓,04 蒬xX,@|j ,40009,01,2305,1100
2012,1,3 ֓,04 蒬xX,߁@qs ,40002,06,1698,1200
2012,1,3 ֓,04 蒬xX,{{@r ,40008,02,1326,800
2012,1,3 ֓,04 蒬xX,@ ,40005,03,1228,300
2012,1,3 ֓,04 蒬xX,{@Nv ,40003,06,1946,1700
2012,1,3 ֓,04 蒬xX,yV@Nu ,40004,08,895,1800
2012,1,3 ֓,05 aJxX,@S ,50006,07,207,1900
2012,1,3 ֓,05 aJxX,얔@Kv ,50003,08,520,100
2012,1,3 ֓,05 aJxX,؁@Gl ,50009,02,1503,200
2012,1,3 ֓,05 aJxX,c@͕v ,50006,06,1871,900
2012,1,3 ֓,05 aJxX,Ԑ@ ,50004,06,221,300
2012,1,3 ֓,06 VhxX,@ ,60006,07,1800,100
2012,1,3 ֓,06 VhxX,n@al ,60001,01,3804,1200
2012,1,3 ֓,06 VhxX,ޔ@ ,60001,05,1584,1900
2012,1,3 ֓,06 VhxX,[c@ ,60004,03,1972,900
2012,1,3 ֓,06 VhxX,c@ ,60010,08,241,700
2012,1,3 ֓,06 VhxX,˖{@F ,60009,01,2781,600
2012,1,3 ֓,06 VhxX,V@q ,60006,01,3104,300
2012,1,3 ֓,07 lxX,쐣@ ,70001,05,1501,1300
2012,1,3 ֓,07 lxX,c@ ,70003,02,1009,1700
2012,1,3 ֓,07 lxX,΍@ ,70008,06,1543,1000
2012,1,3 ֓,07 lxX,@S ,70010,03,1661,1100
2012,1,3 ֓,08 ܎xX,@G ,80000,04,248,1400
2012,1,3 ֓,08 ܎xX,r@av ,80007,07,925,600
2012,1,3 ֓,08 ܎xX,k@Y ,80004,04,939,1100
2012,1,4 ,09 ÉxX,ҁ@ ,90000,01,613,200
2012,1,4 ,09 ÉxX,L@ ,90004,01,2601,800
2012,1,4 ,09 ÉxX,쑺@Bv ,90003,02,1929,900
2012,1,4 ,10 ÉxX,@ ,100002,05,1759,300
2012,1,4 ,10 ÉxX,@ꐬ ,100008,06,175,400
2012,1,4 ,10 ÉxX,c@m ,100002,05,1900,500
2012,1,4 ,10 ÉxX,V@G ,100009,04,1154,1800
2012,1,4 ,10 ÉxX,@C ,100008,03,1038,1400
2012,1,4 ,10 ÉxX,O@p ,100002,02,1351,1200
2012,1,4 ,10 ÉxX,@hO ,100007,03,1506,200
2012,1,5 ߋE,11 sxX,@\ ,110001,01,3482,1000
2012,1,5 ߋE,11 sxX,ف@M ,110000,04,1675,500
2012,1,5 ߋE,11 sxX,@v ,110000,05,366,900
2012,1,5 ߋE,11 sxX,@Wm ,110009,05,1247,500
2012,1,5 ߋE,11 sxX,X@L ,110006,02,396,200
2012,1,5 ߋE,12 xX,K@hV ,120002,07,149,300
2012,1,5 ߋE,12 xX,@ ,120003,05,1463,1000
2012,1,5 ߋE,12 xX,R@C ,120004,07,570,100
2012,1,5 ߋE,12 xX,@j ,120006,04,595,600
2012,1,5 ߋE,12 xX,@^i ,120004,01,608,900
2012,1,5 ߋE,12 xX,V؁@qN ,120004,05,1067,600
2012,1,5 ߋE,12 xX,ێR@O ,120006,05,999,500
2012,1,5 ߋE,12 xX,ؓ@mV ,120003,05,1219,1900
2012,1,5 ߋE,13 _ˎxX,Fs{@ ,130000,07,783,900
2012,1,5 ߋE,13 _ˎxX,XR@׎j ,130007,06,270,1900
2012,1,6 El,14 RxX,n@ ,140000,06,897,1400
2012,1,6 El,14 RxX,R@q ,140001,05,362,1500
2012,1,6 El,14 RxX,t@q ,140002,07,347,100
2012,1,6 El,15 LxX,֎R@Gl ,150007,06,816,400
2012,1,6 El,15 LxX,@ ,150003,04,340,400
2012,1,6 El,15 LxX,Ɍ@ ,150008,04,1767,1100
2012,1,6 El,15 LxX,xi@j ,150005,07,636,200
2012,1,6 El,15 LxX,΁@MY ,150007,06,1292,600
2012,1,7 BE,16 xX,R@gm ,160010,07,943,1300
2012,1,7 BE,16 xX,с@N ,160003,04,1277,800
2012,1,7 BE,16 xX,@j ,160006,08,540,300
2012,1,7 BE,16 xX,@F ,160006,02,331,900
2012,1,7 BE,16 xX,q@ ,160007,05,1863,700
2012,1,7 BE,16 xX,@ ,160007,06,1081,900
2012,1,7 BE,17 xX,@rF ,170006,03,1511,400
2012,1,7 BE,17 xX,R@ ,170000,06,611,300
2012,1,7 BE,17 xX,R@Y ,170000,05,1536,500
2012,1,7 BE,18 ߔexX,댴@V ,180002,05,1442,400
2012,1,7 BE,18 ߔexX,@ ,180009,08,583,600
2012,1,7 BE,18 ߔexX,@ ,180005,02,238,1300
2012,1,7 BE,18 ߔexX,{@ ,180002,07,1078,1400
2012,2,1 kC,01 DyxX,Y@qM ,10010,05,1889,1100
2012,2,1 kC,01 DyxX,{@_ ,10004,05,1973,1800
2012,2,1 kC,01 DyxX,@L ,10005,04,1869,1400
2012,2,1 kC,01 DyxX,{@ ,10005,06,637,800
2012,2,1 kC,01 DyxX,Έ@ ,10004,04,312,1200
2012,2,2 k,02 xX,{@[ ,20009,04,1541,100
2012,2,2 k,02 xX,쒆@G ,20006,08,445,1700
2012,2,2 k,02 xX,c@Nv ,20005,03,1967,300
2012,2,2 k,02 xX,ҁ@Mj ,20007,08,1531,1300
2012,2,3 ֓,03 txX,{@G ,30001,03,743,1900
2012,2,3 ֓,03 txX,ic@ ,30003,02,646,1200
2012,2,3 ֓,03 txX,@r ,30001,07,906,1100
2012,2,3 ֓,04 蒬xX,с@mq ,40006,05,188,1100
2012,2,3 ֓,04 蒬xX,~c@[ ,40002,01,3262,1200
2012,2,3 ֓,04 蒬xX,@|j ,40004,07,1423,300
2012,2,3 ֓,04 蒬xX,߁@qs ,40010,03,334,600
2012,2,3 ֓,04 蒬xX,{{@r ,40004,05,172,600
2012,2,3 ֓,04 蒬xX,@ ,40002,04,963,800
2012,2,3 ֓,04 蒬xX,{@Nv ,40009,02,1989,800
2012,2,3 ֓,04 蒬xX,yV@Nu ,40006,03,1575,1600
2012,2,3 ֓,05 aJxX,@S ,50008,08,1509,1000
2012,2,3 ֓,05 aJxX,얔@Kv ,50004,03,233,100
2012,2,3 ֓,05 aJxX,؁@Gl ,50002,04,951,400
2012,2,3 ֓,05 aJxX,c@͕v ,50000,04,973,1400
2012,2,3 ֓,05 aJxX,Ԑ@ ,50010,07,647,700
2012,2,3 ֓,06 VhxX,@ ,60007,06,540,1800
2012,2,3 ֓,06 VhxX,n@al ,60002,06,340,1000
2012,2,3 ֓,06 VhxX,ޔ@ ,60009,05,200,800
2012,2,3 ֓,06 VhxX,[c@ ,60006,02,832,1700
2012,2,3 ֓,06 VhxX,c@ ,60007,05,1749,400
2012,2,3 ֓,06 VhxX,˖{@F ,60000,01,3540,1200
2012,2,3 ֓,06 VhxX,V@q ,60005,04,317,1500
2012,2,3 ֓,07 lxX,쐣@ ,70004,05,1013,1200
2012,2,3 ֓,07 lxX,c@ ,70010,01,2018,200
2012,2,3 ֓,07 lxX,΍@ ,70003,01,2713,1000
2012,2,3 ֓,07 lxX,@S ,70009,01,2357,1900
2012,2,3 ֓,08 ܎xX,@G ,80008,01,2000,1400
2012,2,3 ֓,08 ܎xX,r@av ,80003,01,2852,800
2012,2,3 ֓,08 ܎xX,k@Y ,80001,05,914,1400
2012,2,4 ,09 ÉxX,ҁ@ ,90000,01,2457,1100
2012,2,4 ,09 ÉxX,L@ ,90007,04,1556,1800
2012,2,4 ,09 ÉxX,쑺@Bv ,90003,06,1022,1200
2012,2,4 ,10 ÉxX,@ ,100010,06,301,1900
2012,2,4 ,10 ÉxX,@ꐬ ,100006,05,977,1700
2012,2,4 ,10 ÉxX,c@m ,100001,03,732,300
2012,2,4 ,10 ÉxX,V@G ,100009,08,540,1600
2012,2,4 ,10 ÉxX,@C ,100001,03,1497,900
2012,2,4 ,10 ÉxX,O@p ,100003,05,914,100
2012,2,4 ,10 ÉxX,@hO ,100006,02,1941,900
2012,2,5 ߋE,11 sxX,@\ ,110009,01,947,900
2012,2,5 ߋE,11 sxX,ف@M ,110009,02,1443,100
2012,2,5 ߋE,11 sxX,@v ,110010,04,107,1300
2012,2,5 ߋE,11 sxX,@Wm ,110007,01,892,1100
2012,2,5 ߋE,11 sxX,X@L ,110008,07,1928,1500
2012,2,5 ߋE,12 xX,K@hV ,120010,04,285,1500
2012,2,5 ߋE,12 xX,@ ,120008,01,3938,300
2012,2,5 ߋE,12 xX,R@C ,120000,08,1535,1900
2012,2,5 ߋE,12 xX,@j ,120002,05,1763,900
2012,2,5 ߋE,12 xX,@^i ,120005,08,268,900
2012,2,5 ߋE,12 xX,V؁@qN ,120008,07,1385,900
2012,2,5 ߋE,12 xX,ێR@O ,120002,07,1080,1400
2012,2,5 ߋE,12 xX,ؓ@mV ,120007,02,1684,1000
2012,2,5 ߋE,13 _ˎxX,Fs{@ ,130009,06,1310,1400
2012,2,5 ߋE,13 _ˎxX,XR@׎j ,130000,03,1252,1800
2012,2,6 El,14 RxX,n@ ,140000,03,832,200
2012,2,6 El,14 RxX,R@q ,140010,02,716,1200
2012,2,6 El,14 RxX,t@q ,140009,07,956,800
2012,2,6 El,15 LxX,֎R@Gl ,150004,05,1791,1600
2012,2,6 El,15 LxX,@ ,150008,06,1536,1400
2012,2,6 El,15 LxX,Ɍ@ ,150007,03,144,200
2012,2,6 El,15 LxX,xi@j ,150002,01,202,1700
2012,2,6 El,15 LxX,΁@MY ,150008,06,1826,900
2012,2,7 BE,16 xX,R@gm ,160000,06,958,300
2012,2,7 BE,16 xX,с@N ,160002,02,912,1800
2012,2,7 BE,16 xX,@j ,160003,05,1629,1600
2012,2,7 BE,16 xX,@F ,160010,03,924,1600
2012,2,7 BE,16 xX,q@ ,160001,01,3336,600
2012,2,7 BE,16 xX,@ ,160010,01,493,1800
2012,2,7 BE,17 xX,@rF ,170003,04,1138,1000
2012,2,7 BE,17 xX,R@ ,170005,05,318,700
2012,2,7 BE,17 xX,R@Y ,170006,04,569,800
2012,2,7 BE,18 ߔexX,댴@V ,180008,08,1156,700
2012,2,7 BE,18 ߔexX,@ ,180005,06,1271,1000
2012,2,7 BE,18 ߔexX,@ ,180007,08,1644,900
2012,2,7 BE,18 ߔexX,{@ ,180004,08,1357,1900
2012,3,1 kC,01 DyxX,Y@qM ,10008,03,272,1600
2012,3,1 kC,01 DyxX,{@_ ,10004,08,744,600
2012,3,1 kC,01 DyxX,@L ,10005,06,119,1900
2012,3,1 kC,01 DyxX,{@ ,10006,05,1915,1300
2012,3,1 kC,01 DyxX,Έ@ ,10008,07,684,800
2012,3,2 k,02 xX,{@[ ,20002,05,1781,300
2012,3,2 k,02 xX,쒆@G ,20003,02,1160,400
2012,3,2 k,02 xX,c@Nv ,20009,08,2358,1900
2012,3,2 k,02 xX,ҁ@Mj ,20001,03,411,1000
2012,3,3 ֓,03 txX,{@G ,30000,01,2332,1500
2012,3,3 ֓,03 txX,ic@ ,30009,05,449,2000
2012,3,3 ֓,03 txX,@r ,30003,04,1031,2600
2012,3,3 ֓,04 蒬xX,с@mq ,40008,01,776,900
2012,3,3 ֓,04 蒬xX,~c@[ ,40004,07,2078,1500
2012,3,3 ֓,04 蒬xX,@|j ,40009,03,255,2100
2012,3,3 ֓,04 蒬xX,߁@qs ,40001,08,868,1100
2012,3,3 ֓,04 蒬xX,{{@r ,40001,06,2712,700
2012,3,3 ֓,04 蒬xX,@ ,40009,03,844,600
2012,3,3 ֓,04 蒬xX,{@Nv ,40008,03,2941,800
2012,3,3 ֓,04 蒬xX,yV@Nu ,40002,06,2537,1900
2012,3,3 ֓,05 aJxX,@S ,50008,05,2682,2000
2012,3,3 ֓,05 aJxX,얔@Kv ,50009,03,1597,2500
2012,3,3 ֓,05 aJxX,؁@Gl ,50002,05,1153,1000
2012,3,3 ֓,05 aJxX,c@͕v ,50006,02,1253,400
2012,3,3 ֓,05 aJxX,Ԑ@ ,50006,07,2231,900
2012,3,3 ֓,06 VhxX,@ ,60007,04,258,1400
2012,3,3 ֓,06 VhxX,n@al ,60006,01,3215,2000
2012,3,3 ֓,06 VhxX,ޔ@ ,60003,02,746,2200
2012,3,3 ֓,06 VhxX,[c@ ,60005,05,295,300
2012,3,3 ֓,06 VhxX,c@ ,60002,04,161,2100
2012,3,3 ֓,06 VhxX,˖{@F ,60008,03,799,2800
2012,3,3 ֓,06 VhxX,V@q ,60008,06,2681,1400
2012,3,3 ֓,07 lxX,쐣@ ,70000,02,2095,1600
2012,3,3 ֓,07 lxX,c@ ,70002,05,2784,400
2012,3,3 ֓,07 lxX,΍@ ,70009,04,2657,1100
2012,3,3 ֓,07 lxX,@S ,70001,03,2695,1100
2012,3,3 ֓,08 ܎xX,@G ,80006,06,713,100
2012,3,3 ֓,08 ܎xX,r@av ,80007,06,2489,1500
2012,3,3 ֓,08 ܎xX,k@Y ,80003,08,2779,1300
2012,3,4 ,09 ÉxX,ҁ@ ,90008,06,1405,600
2012,3,4 ,09 ÉxX,L@ ,90010,02,1444,2700
2012,3,4 ,09 ÉxX,쑺@Bv ,90009,01,3562,200
2012,3,4 ,10 ÉxX,@ ,100003,07,723,2300
2012,3,4 ,10 ÉxX,@ꐬ ,100006,01,278,2600
2012,3,4 ,10 ÉxX,c@m ,100003,06,1964,1100
2012,3,4 ,10 ÉxX,V@G ,100009,04,856,1700
2012,3,4 ,10 ÉxX,@C ,100005,08,1019,100
2012,3,4 ,10 ÉxX,O@p ,100007,08,2809,2900
2012,3,4 ,10 ÉxX,@hO ,100007,04,2869,500
2012,3,5 ߋE,11 sxX,@\ ,110005,02,2524,2400
2012,3,5 ߋE,11 sxX,ف@M ,110007,03,1934,1400
2012,3,5 ߋE,11 sxX,@v ,110005,06,2659,1900
2012,3,5 ߋE,11 sxX,@Wm ,110008,05,2309,200
2012,3,5 ߋE,11 sxX,X@L ,110001,04,322,800
2012,3,5 ߋE,12 xX,K@hV ,120009,03,1143,1400
2012,3,5 ߋE,12 xX,@ ,120010,08,926,1900
2012,3,5 ߋE,12 xX,R@C ,120010,02,2985,600
2012,3,5 ߋE,12 xX,@j ,120007,08,2070,2200
2012,3,5 ߋE,12 xX,@^i ,120005,07,603,2700
2012,3,5 ߋE,12 xX,V؁@qN ,120008,08,762,1200
2012,3,5 ߋE,12 xX,ێR@O ,120008,07,2202,100
2012,3,5 ߋE,12 xX,ؓ@mV ,120006,03,344,2100
2012,3,5 ߋE,13 _ˎxX,Fs{@ ,130008,02,276,2800
2012,3,5 ߋE,13 _ˎxX,XR@׎j ,130001,06,2113,2000
2012,3,6 El,14 RxX,n@ ,140008,05,2562,1000
2012,3,6 El,14 RxX,R@q ,140000,03,2146,2500
2012,3,6 El,14 RxX,t@q ,140009,04,646,1100
2012,3,6 El,15 LxX,֎R@Gl ,150003,08,1037,2200
2012,3,6 El,15 LxX,@ ,150004,02,2661,1100
2012,3,6 El,15 LxX,Ɍ@ ,150000,03,1453,2700
2012,3,6 El,15 LxX,xi@j ,150002,04,345,1600
2012,3,6 El,15 LxX,΁@MY ,150000,03,933,1600
2012,3,7 BE,16 xX,R@gm ,160000,03,691,1100
2012,3,7 BE,16 xX,с@N ,160001,08,1521,1800
2012,3,7 BE,16 xX,@j ,160008,01,344,200
2012,3,7 BE,16 xX,@F ,160005,07,1508,600
2012,3,7 BE,16 xX,q@ ,160008,03,281,1200
2012,3,7 BE,16 xX,@ ,160009,02,1026,1800
2012,3,7 BE,17 xX,@rF ,170006,05,385,1900
2012,3,7 BE,17 xX,R@ ,170000,04,2612,400
2012,3,7 BE,17 xX,R@Y ,170003,04,2040,1300
2012,3,7 BE,18 ߔexX,댴@V ,180005,04,1506,800
2012,3,7 BE,18 ߔexX,@ ,180005,06,1269,1700
2012,3,7 BE,18 ߔexX,@ ,180008,02,560,2800
2012,3,7 BE,18 ߔexX,{@ ,180008,08,711,700
2012,4,1 kC,01 DyxX,Y@qM ,10008,07,985,600
2012,4,1 kC,01 DyxX,{@_ ,10000,03,2388,900
2012,4,1 kC,01 DyxX,@L ,10004,03,479,2200
2012,4,1 kC,01 DyxX,{@ ,10008,07,1155,700
2012,4,1 kC,01 DyxX,Έ@ ,10001,02,1520,2400
2012,4,2 k,02 xX,{@[ ,20004,07,810,1000
2012,4,2 k,02 xX,쒆@G ,20008,03,1001,100
2012,4,2 k,02 xX,c@Nv ,20005,02,2648,400
2012,4,2 k,02 xX,ҁ@Mj ,20002,05,391,1600
2012,4,3 ֓,03 txX,{@G ,30001,04,185,100
2012,4,3 ֓,03 txX,ic@ ,30002,05,1008,1400
2012,4,3 ֓,03 txX,@r ,30006,05,2902,1500
2012,4,3 ֓,04 蒬xX,с@mq ,40008,04,1331,2300
2012,4,3 ֓,04 蒬xX,~c@[ ,40008,05,1529,300
2012,4,3 ֓,04 蒬xX,@|j ,40003,05,698,2200
2012,4,3 ֓,04 蒬xX,߁@qs ,40002,06,852,800
2012,4,3 ֓,04 蒬xX,{{@r ,40008,07,2207,1200
2012,4,3 ֓,04 蒬xX,@ ,40000,06,1322,2400
2012,4,3 ֓,04 蒬xX,{@Nv ,40000,06,2921,2000
2012,4,3 ֓,04 蒬xX,yV@Nu ,40005,07,2729,2600
2012,4,3 ֓,05 aJxX,@S ,50004,01,724,1500
2012,4,3 ֓,05 aJxX,얔@Kv ,50010,05,2593,1400
2012,4,3 ֓,05 aJxX,؁@Gl ,50000,01,3753,2300
2012,4,3 ֓,05 aJxX,c@͕v ,50001,04,1102,2300
2012,4,3 ֓,05 aJxX,Ԑ@ ,50009,06,1532,2000
2012,4,3 ֓,06 VhxX,@ ,60002,04,876,2900
2012,4,3 ֓,06 VhxX,n@al ,60007,08,181,2700
2012,4,3 ֓,06 VhxX,ޔ@ ,60003,06,2117,2200
2012,4,3 ֓,06 VhxX,[c@ ,60004,03,2709,2700
2012,4,3 ֓,06 VhxX,c@ ,60006,08,367,1100
2012,4,3 ֓,06 VhxX,˖{@F ,60005,07,1903,1000
2012,4,3 ֓,06 VhxX,V@q ,60005,02,1397,400
2012,4,3 ֓,07 lxX,쐣@ ,70001,01,3866,2100
2012,4,3 ֓,07 lxX,c@ ,70008,03,713,2800
2012,4,3 ֓,07 lxX,΍@ ,70006,06,1182,700
2012,4,3 ֓,07 lxX,@S ,70004,03,1988,1700
2012,4,3 ֓,08 ܎xX,@G ,80006,05,112,2200
2012,4,3 ֓,08 ܎xX,r@av ,80001,06,2219,800
2012,4,3 ֓,08 ܎xX,k@Y ,80007,08,2790,900
2012,4,4 ,09 ÉxX,ҁ@ ,90005,02,316,2700
2012,4,4 ,09 ÉxX,L@ ,90001,07,1481,1500
2012,4,4 ,09 ÉxX,쑺@Bv ,90007,01,330,1300
2012,4,4 ,10 ÉxX,@ ,100002,02,1569,800
2012,4,4 ,10 ÉxX,@ꐬ ,100008,07,2864,2700
2012,4,4 ,10 ÉxX,c@m ,100005,06,556,2200
2012,4,4 ,10 ÉxX,V@G ,100006,07,535,400
2012,4,4 ,10 ÉxX,@C ,100002,04,308,2800
2012,4,4 ,10 ÉxX,O@p ,100007,02,721,2000
2012,4,4 ,10 ÉxX,@hO ,100005,02,2867,2800
2012,4,5 ߋE,11 sxX,@\ ,110001,01,2330,1400
2012,4,5 ߋE,11 sxX,ف@M ,110004,07,2863,400
2012,4,5 ߋE,11 sxX,@v ,110006,03,1682,1700
2012,4,5 ߋE,11 sxX,@Wm ,110008,03,1335,800
2012,4,5 ߋE,11 sxX,X@L ,110010,01,2425,700
2012,4,5 ߋE,12 xX,K@hV ,120004,08,186,100
2012,4,5 ߋE,12 xX,@ ,120001,02,2942,2800
2012,4,5 ߋE,12 xX,R@C ,120010,03,2326,2000
2012,4,5 ߋE,12 xX,@j ,120001,06,996,500
2012,4,5 ߋE,12 xX,@^i ,120006,07,437,700
2012,4,5 ߋE,12 xX,V؁@qN ,120006,08,2896,1600
2012,4,5 ߋE,12 xX,ێR@O ,120002,07,1551,800
2012,4,5 ߋE,12 xX,ؓ@mV ,120001,07,1590,2800
2012,4,5 ߋE,13 _ˎxX,Fs{@ ,130001,02,2571,1700
2012,4,5 ߋE,13 _ˎxX,XR@׎j ,130002,08,2463,2000
2012,4,6 El,14 RxX,n@ ,140010,03,2046,200
2012,4,6 El,14 RxX,R@q ,140005,07,2558,1200
2012,4,6 El,14 RxX,t@q ,140002,03,157,700
2012,4,6 El,15 LxX,֎R@Gl ,150008,01,2421,2000
2012,4,6 El,15 LxX,@ ,150006,08,324,2500
2012,4,6 El,15 LxX,Ɍ@ ,150008,04,696,1800
2012,4,6 El,15 LxX,xi@j ,150006,04,1480,2400
2012,4,6 El,15 LxX,΁@MY ,150004,08,2230,1900
2012,4,7 BE,16 xX,R@gm ,160003,06,2745,1900
2012,4,7 BE,16 xX,с@N ,160010,04,2992,1500
2012,4,7 BE,16 xX,@j ,160008,04,2826,2300
2012,4,7 BE,16 xX,@F ,160009,05,932,1900
2012,4,7 BE,16 xX,q@ ,160005,01,3807,2000
2012,4,7 BE,16 xX,@ ,160005,04,2740,500
2012,4,7 BE,17 xX,@rF ,170009,07,1117,2100
2012,4,7 BE,17 xX,R@ ,170002,06,212,2400
2012,4,7 BE,17 xX,R@Y ,170001,01,3050,2100
2012,4,7 BE,18 ߔexX,댴@V ,180003,02,1842,900
2012,4,7 BE,18 ߔexX,@ ,180009,08,1896,2400
2012,4,7 BE,18 ߔexX,@ ,180002,08,1987,1200
2012,4,7 BE,18 ߔexX,{@ ,180002,08,1781,800
